performer,year,to_country,song,place_contest,sf_num,running_final,running_sf,place_final,points_final,place_sf,points_sf,points_tele_final,points_jury_final,points_tele_sf,points_jury_sf,composers,lyricists,lyrics,youtube_url
1X Band,1,1,1,1,0,1,0,1,1,0,0,0,0,0,0,1,1,1,1
2B,1,1,1,1,1,0,1,0,0,1,1,0,0,0,0,1,1,1,1
3+2,1,1,1,1,1,1,1,1,1,1,1,0,0,0,0,1,1,1,1
3JS,1,1,1,1,1,0,1,0,0,1,1,0,0,0,0,1,0,1,1
4Fun,1,1,1,1,0,1,0,1,1,0,0,0,0,0,0,1,0,1,1
A Friend In London,1,1,1,1,1,1,1,1,1,1,1,0,0,0,0,1,0,1,1
ABBA,1,1,1,1,0,1,0,1,1,0,0,0,0,0,0,1,1,1,1
AWS,1,1,1,1,1,1,1,1,1,1,1,1,1,1,1,1,1,1,1
Aarzemnieki,1,1,1,1,1,0,1,0,0,1,1,0,0,0,0,1,0,1,1
Achille Lauro,1,1,1,1,1,0,1,0,0,1,1,0,0,1,1,1,1,1,1
Adelaïde,1,1,1,1,0,1,0,1,1,0,0,0,0,0,0,1,1,1,1
Adrian Lulgjuraj & Bledar Sejko,1,1,1,1,1,0,1,0,0,1,1,0,0,0,0,1,1,1,1
Afro-dite,1,1,1,1,0,1,0,1,1,0,0,0,0,0,0,1,0,1,1
Agnete,1,1,1,1,1,0,1,0,0,1,1,0,0,1,1,1,0,1,1
Aida & Frederik Ndoci,1,1,1,1,1,0,1,0,0,1,1,0,0,0,0,1,1,1,1
Aisel,1,1,1,1,1,0,1,0,0,1,1,0,0,1,1,1,1,1,1
Aisha,1,1,1,1,1,0,1,0,0,1,1,0,0,0,0,1,1,1,1
Aiste Smilgeviciute,1,1,1,1,0,1,0,1,1,0,0,0,0,0,0,1,1,1,1
Aivaras,1,1,1,1,0,1,0,1,1,0,0,0,0,0,0,1,0,1,1
Ajda Pekkan,1,1,1,1,0,1,0,1,1,0,0,0,0,0,0,1,1,1,1
Aksel Kankaanranta,1,1,1,0,1,0,0,0,0,0,0,0,0,0,0,0,0,1,1
Al Bano and Romina Power,1,1,1,1,0,1,0,1,1,0,0,0,0,0,0,1,1,1,1
Alain Barrière,1,1,1,1,0,1,0,1,1,0,0,0,0,0,0,1,0,1,1
Alan Sorrenti,1,1,1,1,0,1,0,1,1,0,0,0,0,0,0,1,0,1,1
Albina,1,1,1,1,1,0,1,0,0,1,1,0,0,1,1,1,1,1,1
Albina & Familja Kelmendi,1,1,1,1,0,1,0,1,1,0,0,1,1,0,0,1,1,1,1
Alejandro Abad,1,1,1,1,0,1,0,1,1,0,0,0,0,0,0,1,0,1,1
Aleksandra & Konstantin,1,1,1,1,1,0,1,0,0,1,1,0,0,0,0,1,1,1,1
Alekseev,1,1,1,1,1,0,1,0,0,1,1,0,0,1,1,1,1,1,1
Alenka Gotar,1,1,1,1,1,1,1,1,1,1,1,0,0,0,0,1,0,1,1
Alessandra,2,2,2,1,1,1,1,1,1,1,1,1,1,0,0,2,0,2,2
Alex Swings Oscar Sings!,1,1,1,1,0,1,0,1,1,0,0,0,0,0,0,1,0,1,1
Alexander Rybak,2,2,2,2,2,2,2,2,2,2,2,1,1,1,1,2,0,2,2
Alexandros Panayi,1,1,1,1,0,1,0,1,1,0,0,0,0,0,0,1,0,1,1
Alexej Vorobjov,1,1,1,1,1,1,1,1,1,1,1,0,0,0,0,1,0,1,1
Alexia,1,1,1,1,0,1,0,1,1,0,0,0,0,0,0,1,1,1,1
Alf Poier,1,1,1,1,0,1,0,1,1,0,0,0,0,0,0,1,0,1,1
Alice Babs,1,1,1,1,0,1,0,1,1,0,0,0,0,0,0,1,1,1,1
Alice and Battiato,1,1,1,1,0,1,0,1,1,0,0,0,0,0,0,1,1,1,1
Alice and Ellen Kessler,1,1,1,1,0,1,0,1,1,0,0,0,0,0,0,1,1,1,1
Alicja Szemplińska,1,1,1,0,1,0,0,0,0,0,0,0,0,0,0,0,0,1,1
Alika,1,1,1,1,0,1,0,1,1,0,0,1,1,0,0,1,0,1,1
Aliona Moon,1,1,1,1,1,1,1,1,1,1,1,0,0,0,0,1,1,1,1
Alla Pugachova,1,1,1,1,0,1,0,1,1,0,0,0,0,0,0,1,0,1,1
Alma,1,1,1,1,0,1,0,1,1,0,0,1,1,0,0,1,1,1,1
Alma Cardzic,1,1,1,1,0,1,0,1,1,0,0,0,0,0,0,1,1,1,1
Alma Lusa,1,1,1,1,0,1,0,1,1,0,0,0,0,0,0,1,0,1,1
Alma and Dejan,1,1,1,1,0,1,0,1,1,0,0,0,0,0,0,1,1,1,1
Alsou,1,1,1,1,0,1,0,1,1,0,0,0,0,0,0,1,0,1,1
Alvan & Ahez,1,1,1,1,0,1,0,1,1,0,0,1,1,0,0,1,1,1,1
Alyona Lanskaya,1,1,1,1,1,1,1,1,1,1,1,0,0,0,0,1,1,1,1
Alyosha,1,1,1,1,1,1,1,1,1,1,1,0,0,0,0,1,1,1,1
Amaia & Alfred,1,1,1,1,0,1,0,1,1,0,0,1,1,0,0,1,0,1,1
Amanda Georgiadi Tenfjord,1,1,1,1,1,1,1,1,1,1,1,1,1,1,1,1,0,1,1
Amandine Bourgeois,1,1,1,1,0,1,0,1,1,0,0,0,0,0,0,1,1,1,1
Amaury Vassili,1,1,1,1,0,1,0,1,1,0,0,0,0,0,0,1,1,1,1
Ambasadori,1,1,1,1,0,1,0,1,1,0,0,0,0,0,0,1,1,1,1
Amber,1,1,1,1,1,0,1,0,0,1,1,0,0,0,0,1,1,1,1
Ami Aspelund,1,1,1,1,0,1,0,1,1,0,0,0,0,0,0,1,1,1,1
Amila Glamocak,1,1,1,1,0,1,0,1,1,0,0,0,0,0,0,1,1,1,1
Amina,1,1,1,1,0,1,0,1,1,0,0,0,0,0,0,1,1,1,1
Aminata Savadogo,1,1,1,1,1,1,1,1,1,1,1,0,0,0,0,1,0,1,1
Amir,1,1,1,1,0,1,0,1,1,0,0,1,1,0,0,1,1,1,1
Ana Soklič,2,2,2,1,2,0,1,0,0,1,1,0,0,1,1,1,1,2,2
Anabel Conde,1,1,1,1,0,1,0,1,1,0,0,0,0,0,0,1,0,1,1
Anabela,1,1,1,1,0,1,0,1,1,0,0,0,0,0,0,1,0,1,1
Anastasia Prikhodko,1,1,1,1,0,1,0,1,1,0,0,0,0,0,0,1,1,1,1
Anastasiya Vinnikova,1,1,1,1,1,0,1,0,0,1,1,0,0,0,0,1,1,1,1
Anders Frandsen,1,1,1,1,0,1,0,1,1,0,0,0,0,0,0,1,0,1,1
Andrea,1,1,1,1,1,0,1,0,0,1,1,0,0,1,1,1,1,1,1
Andrea Demirović,1,1,1,1,1,0,1,0,0,1,1,0,0,0,0,1,0,1,1
Andrew Lambrou,1,1,1,1,0,1,0,1,1,0,0,1,1,0,0,1,0,1,1
Andrius Pojavis,1,1,1,1,1,1,1,1,1,1,1,0,0,0,0,1,0,1,1
Andromache,1,1,1,1,1,0,1,0,0,1,1,0,0,1,1,0,0,0,0
András Kállay-Saunders,1,1,1,1,1,1,1,1,1,1,1,0,0,0,0,1,1,1,1
André,1,1,1,1,1,1,1,1,1,1,1,0,0,0,0,1,1,1,1
André Claveau,1,1,1,1,0,1,0,1,1,0,0,0,0,0,0,1,1,1,1
Andy Abraham,1,1,1,1,0,1,0,1,1,0,0,0,0,0,0,1,0,1,1
Andy Paul,1,1,1,1,0,1,0,1,1,0,0,0,0,0,0,1,0,1,1
Angela Farrell,1,1,1,1,0,1,0,1,1,0,0,0,0,0,0,1,0,1,1
Angelica Agurbash,1,1,1,1,1,0,1,0,0,1,1,0,0,0,0,1,1,1,1
Anggun,1,1,1,1,0,1,0,1,1,0,0,0,0,0,0,1,1,1,1
Ani Lorak,1,1,1,1,1,1,1,1,1,1,1,0,0,0,0,1,1,1,1
Anita,1,1,1,1,0,1,0,1,1,0,0,0,0,0,0,1,1,1,1
Anita Skorgan,2,2,2,2,0,2,0,2,2,0,0,0,0,0,0,2,2,2,2
Anita Thallaug,1,1,1,1,0,1,0,1,1,0,0,0,0,0,0,1,0,1,1
Anita Traversi,2,2,2,2,0,2,0,2,2,0,0,0,0,0,0,2,1,2,2
Anja,1,1,1,1,1,1,1,1,1,1,1,1,1,1,1,1,0,1,1
Anjeza Shahini,1,1,1,1,1,1,1,1,1,1,1,0,0,0,0,1,1,1,1
Anmary,1,1,1,1,1,0,1,0,0,1,1,0,0,0,0,1,1,1,1
Ann Christy,1,1,1,1,0,1,0,1,1,0,0,0,0,0,0,1,0,1,1
Ann Sophie,1,1,1,1,0,1,0,1,1,0,0,0,0,0,0,1,0,1,1
Ann-Christine Nyström,1,1,1,1,0,1,0,1,1,0,0,0,0,0,0,1,0,1,1
Anna Bergendahl,1,1,1,1,1,0,1,0,0,1,1,0,0,0,0,1,1,1,1
Anna Maria Jopek,1,1,1,1,0,1,0,1,1,0,0,0,0,0,0,1,1,1,1
Anna Mjöll,1,1,1,1,0,1,0,1,1,0,0,0,0,0,0,1,0,1,1
Anna Odobescu,1,1,1,1,1,0,1,0,0,1,1,0,0,1,1,1,0,1,1
Anna Oxa and Fausto Leali,1,1,1,1,0,1,0,1,1,0,0,0,0,0,0,1,1,1,1
Anna Rossinelli,1,1,1,1,1,1,1,1,1,1,1,0,0,0,0,1,0,1,1
Anna Vissi,2,2,2,2,0,2,0,2,2,0,0,0,0,0,0,2,1,2,2
Anna Vissi and the Epikouri,1,1,1,1,0,1,0,1,1,0,0,0,0,0,0,1,1,1,1
Anne Marie B.,1,1,1,1,0,1,0,1,1,0,0,0,0,0,0,1,0,1,1
Anne-Cathrine Herdorf,1,1,1,1,0,1,0,1,1,0,0,0,0,0,0,1,1,1,1
Anne-Karine Ström,1,1,1,1,0,1,0,1,1,0,0,0,0,0,0,1,1,1,1
Anne-Karine Ström and the Bendik Singers,1,1,1,1,0,1,0,1,1,0,0,0,0,0,0,1,1,1,1
Anne-Marie David,2,2,2,2,0,2,0,2,2,0,0,0,0,0,0,2,2,2,2
Anne-Marie Godart and Peter MacLane,1,1,1,1,0,1,0,1,1,0,0,0,0,0,0,1,1,1,1
Anneke Grönloh,1,1,1,1,0,1,0,1,1,0,0,0,0,0,0,1,1,1,1
Anneli Saaristo,1,1,1,1,0,1,0,1,1,0,0,0,0,0,0,1,1,1,1
Annet Artani,1,1,1,1,1,0,1,0,0,1,1,0,0,0,0,1,0,1,1
Annick Thoumazeau,1,1,1,1,0,1,0,1,1,0,0,0,0,0,0,1,1,1,1
Annie Cotton,1,1,1,1,0,1,0,1,1,0,0,0,0,0,0,1,1,1,1
Annie Palmen,1,1,1,1,0,1,0,1,1,0,0,0,0,0,0,1,0,1,1
Anonymous,1,1,1,1,1,0,1,0,0,1,1,0,0,0,0,1,0,1,1
Anouk,1,1,1,1,1,1,1,1,1,1,1,0,0,0,0,1,1,1,1
Anri Jokhadze,1,1,1,1,1,0,1,0,0,1,1,0,0,0,0,1,1,1,1
Ansambel Žlindra & Kalamari,1,1,1,1,1,0,1,0,0,1,1,0,0,0,0,1,1,1,1
Anti Social Media,1,1,1,1,1,0,1,0,0,1,1,0,0,0,0,1,0,1,1
Antique,1,1,1,1,0,1,0,1,1,0,0,0,0,0,0,1,1,1,1
Antonio Carbonell,1,1,1,1,0,1,0,1,1,0,0,0,0,0,0,1,0,1,1
António Calvário,1,1,1,1,0,1,0,1,1,0,0,0,0,0,0,1,1,1,1
Anxhela Peristeri,1,1,1,1,1,1,1,1,1,1,1,1,1,1,1,1,1,1,1
Anej Dean,1,1,1,1,1,0,1,0,0,1,1,0,0,0,0,1,1,1,1
Aphroditi Fryda,1,1,1,1,0,1,0,1,1,0,0,0,0,0,0,1,0,1,1
Aram MP3,1,1,1,1,1,1,1,1,1,1,1,0,0,0,0,1,1,1,1
Argo,1,1,1,1,1,0,1,0,0,1,1,0,0,1,1,1,0,1,1
Ari Ólafsson,1,1,1,1,1,0,1,0,0,1,1,0,0,1,1,1,0,1,1
Arilena Ara,1,1,1,0,1,0,0,0,0,0,0,0,0,0,0,0,0,1,1
Arlette Zola,1,1,1,1,0,1,0,1,1,0,0,0,0,0,0,1,1,1,1
Armando Gama,1,1,1,1,0,1,0,1,1,0,0,0,0,0,0,1,0,1,1
Arne Bendiksen,1,1,1,1,0,1,0,1,1,0,0,0,0,0,0,1,1,1,1
Arnis Mednis,1,1,1,1,0,1,0,1,1,0,0,0,0,0,0,1,1,1,1
Arsenium & Natalia Gordienko,1,1,1,1,0,1,0,1,1,0,0,0,0,0,0,1,0,1,1
Artsvik,1,1,1,1,1,1,1,1,1,1,1,1,1,1,1,1,1,1,1
Arvingarna,1,1,1,1,0,1,0,1,1,0,0,0,0,0,0,1,1,1,1
Arzu Ece,1,1,1,1,0,1,0,1,1,0,0,0,0,0,0,1,1,1,1
Aska,1,1,1,1,0,1,0,1,1,0,0,0,0,0,0,1,1,1,1
Athena,1,1,1,1,0,1,0,1,1,0,0,0,0,0,0,1,0,1,1
Athena Manoukian,1,1,1,0,1,0,0,0,0,0,0,0,0,0,0,0,0,1,1
Atlantis 2000,1,1,1,1,0,1,0,1,1,0,0,0,0,0,0,1,1,1,1
Aud Wilken,1,1,1,1,0,1,0,1,1,0,0,0,0,0,0,1,1,1,1
August & Telma,1,1,1,1,0,1,0,1,1,0,0,0,0,0,0,1,1,1,1
Aurela Gaçe,1,1,1,1,1,0,1,0,0,1,1,0,0,0,0,1,1,1,1
Avi Toledano,1,1,1,1,0,1,0,1,1,0,0,0,0,0,0,1,1,1,1
Axel Hirsoux,1,1,1,1,1,0,1,0,0,1,1,0,0,0,0,1,0,1,1
AySel & Arash,1,1,1,1,1,1,1,1,1,1,1,0,0,0,0,1,1,1,1
Aylin Vatankos,1,1,1,1,0,1,0,1,1,0,0,0,0,0,0,1,1,1,1
Azúcar Moreno,1,1,1,1,0,1,0,1,1,0,0,0,0,0,0,1,1,1,1
Baby Doll,1,1,1,1,0,1,0,1,1,0,0,0,0,0,0,1,1,1,1
Baccara,1,1,1,1,0,1,0,1,1,0,0,0,0,0,0,1,1,1,1
Bacchelli,1,1,1,1,0,1,0,1,1,0,0,0,0,0,0,1,0,1,1
Bamses Venner,1,1,1,1,0,1,0,1,1,0,0,0,0,0,0,1,1,1,1
Bang,1,1,1,1,0,1,0,1,1,0,0,0,0,0,0,1,0,1,1
Barbara,1,1,1,1,0,1,0,1,1,0,0,0,0,0,0,1,1,1,1
Barbara Berta,1,1,1,1,0,1,0,1,1,0,0,0,0,0,0,1,0,1,1
Barbara Pravi,1,1,1,1,0,1,0,1,1,0,0,1,1,0,0,1,1,1,1
Bardo,1,1,1,1,0,1,0,1,1,0,0,0,0,0,0,1,0,1,1
Barei,1,1,1,1,0,1,0,1,1,0,0,1,1,0,0,1,0,1,1
Basim,1,1,1,1,0,1,0,1,1,0,0,0,0,0,0,1,0,1,1
Beat,1,1,1,1,0,1,0,1,1,0,0,0,0,0,0,1,1,1,1
Beathoven,1,1,1,1,0,1,0,1,1,0,0,0,0,0,0,1,0,1,1
Belle and the Devotions,1,1,1,1,0,1,0,1,1,0,0,0,0,0,0,1,0,1,1
Ben & Tan,1,1,1,0,1,0,0,0,0,0,0,0,0,0,0,0,0,1,1
Ben Cramer,1,1,1,1,0,1,0,1,1,0,0,0,0,0,0,1,0,1,1
Ben Dolic,1,1,1,0,0,0,0,0,0,0,0,0,0,0,0,0,0,1,1
Bendik Singers,1,1,1,1,0,1,0,1,1,0,0,0,0,0,0,1,1,1,1
Benjamin Ingrosso,1,1,1,1,1,1,1,1,1,1,1,1,1,1,1,1,0,1,1
Benny Cristo,2,2,2,1,2,0,1,0,0,1,1,0,0,1,1,1,1,2,2
Bernadette,1,1,1,1,0,1,0,1,1,0,0,0,0,0,0,1,1,1,1
Berta Ambroz,1,1,1,1,0,1,0,1,1,0,0,0,0,0,0,1,1,1,1
"Bes Yil Önce, On Yil Sonra",1,1,1,1,0,1,0,1,1,0,0,0,0,0,0,1,1,1,1
Beth,1,1,1,1,0,1,0,1,1,0,0,0,0,0,0,1,0,1,1
Bettina Soriat,1,1,1,1,0,1,0,1,1,0,0,0,0,0,0,1,1,1,1
Betty Curtis,1,1,1,1,0,1,0,1,1,0,0,0,0,0,0,1,1,1,1
Betty Mars,1,1,1,1,0,1,0,1,1,0,0,0,0,0,0,1,0,1,1
Betty Missiego,1,1,1,1,0,1,0,1,1,0,0,0,0,0,0,1,0,1,1
Bianca Shomburg,1,1,1,1,0,1,0,1,1,0,0,0,0,0,0,1,1,1,1
Bilal Hassani,1,1,1,1,0,1,0,1,1,0,0,1,1,0,0,1,0,1,1
Bill van Dijk,1,1,1,1,0,1,0,1,1,0,0,0,0,0,0,1,1,1,1
Birgit,1,1,1,1,1,1,1,1,1,1,1,0,0,0,0,1,1,1,1
Birgit Brüel,1,1,1,1,0,1,0,1,1,0,0,0,0,0,0,1,1,1,1
Birgitta,1,1,1,1,0,1,0,1,1,0,0,0,0,0,0,1,1,1,1
Birthe Kjær,1,1,1,1,0,1,0,1,1,0,0,0,0,0,0,1,1,1,1
Birthe Wilke,1,1,1,1,0,1,0,1,1,0,0,0,0,0,0,1,1,1,1
Birthe Wilke & Gustav Winckler,1,1,1,1,0,1,0,1,1,0,0,0,0,0,0,1,1,1,1
Björn Skifs,2,2,2,2,0,2,0,2,2,0,0,0,0,0,0,2,0,2,2
Bjørn Tidmand,1,1,1,1,0,1,0,1,1,0,0,0,0,0,0,1,1,1,1
Black Lace,1,1,1,1,0,1,0,1,1,0,0,0,0,0,0,1,0,1,1
Blanca Paloma,1,1,1,1,0,1,0,1,1,0,0,1,1,0,0,1,0,1,1
Blanche,1,1,1,1,1,1,1,1,1,1,1,1,1,1,1,1,1,1,1
Blanka,1,1,1,1,0,1,0,1,1,0,0,1,1,0,0,1,1,1,1
Blas Cantó,2,2,2,1,0,1,0,1,1,0,0,1,1,0,0,1,0,2,2
Blind Channel,1,1,1,1,1,1,1,1,1,1,1,1,1,1,1,1,0,1,1
Blond,1,1,1,1,0,1,0,1,1,0,0,0,0,0,0,1,0,1,1
Blue,1,1,1,1,0,1,0,1,1,0,0,0,0,0,0,1,0,1,1
Blue Cafe,1,1,1,1,0,1,0,1,1,0,0,0,0,0,0,1,1,1,1
Blue Danube,1,1,1,1,0,1,0,1,1,0,0,0,0,0,0,1,0,1,1
Boaz,1,1,1,1,1,1,1,1,1,1,1,0,0,0,0,1,1,1,1
Bob Benny,2,2,2,2,0,2,0,2,2,0,0,0,0,0,0,2,2,2,2
Bob Martin,1,1,1,1,0,1,0,1,1,0,0,0,0,0,0,1,1,1,1
Bobbejaan Schoepen,1,1,1,1,0,1,0,1,1,0,0,0,0,0,0,1,1,1,1
Bobbie Singer,1,1,1,1,0,1,0,1,1,0,0,0,0,0,0,1,0,1,1
Bobby Solo,1,1,1,1,0,1,0,1,1,0,0,0,0,0,0,1,1,1,1
Bobbysocks,1,1,1,1,0,1,0,1,1,0,0,0,0,0,0,1,0,1,1
Boggie,1,1,1,1,1,1,1,1,1,1,1,0,0,0,0,1,1,1,1
Bojana Stamenov,1,1,1,1,1,1,1,1,1,1,1,0,0,0,0,1,1,1,1
Bonaparti.lv,1,1,1,1,1,1,1,1,1,1,1,0,0,0,0,1,1,1,1
Bonnie Tyler,1,1,1,1,0,1,0,1,1,0,0,0,0,0,0,1,0,1,1
Boris Novkovic feat. Lado members,1,1,1,1,1,1,1,1,1,1,1,0,0,0,0,1,1,1,1
Boulevard,1,1,1,1,0,1,0,1,1,0,0,0,0,0,0,1,1,1,1
BrainStorm,1,1,1,1,0,1,0,1,1,0,0,0,0,0,0,1,0,1,1
Braulio,1,1,1,1,0,1,0,1,1,0,0,0,0,0,0,1,0,1,1
Bravo,1,1,1,1,0,1,0,1,1,0,0,0,0,0,0,1,1,1,1
Brendan Murray,1,1,1,1,1,0,1,0,0,1,1,0,0,1,1,1,0,1,1
Brian Kennedy,1,1,1,1,1,1,1,1,1,1,1,0,0,0,0,1,0,1,1
Brinck,1,1,1,1,1,1,1,1,1,1,1,0,0,0,0,1,0,1,1
Brita Borg,1,1,1,1,0,1,0,1,1,0,0,0,0,0,0,1,1,1,1
Britt Synnøve Johansen,1,1,1,1,0,1,0,1,1,0,0,0,0,0,0,1,1,1,1
Brixx,1,1,1,1,0,1,0,1,1,0,0,0,0,0,0,1,0,1,1
Brooke Scullion,1,1,1,1,1,0,1,0,0,1,1,0,0,1,1,1,0,1,1
Brotherhood of Man,1,1,1,1,0,1,0,1,1,0,0,0,0,0,0,1,0,1,1
Brunette,1,1,1,1,0,1,0,1,1,0,0,1,1,0,0,1,0,1,1
Bryan Johnson,1,1,1,1,0,1,0,1,1,0,0,0,0,0,0,1,0,1,1
Bucks Fizz,1,1,1,1,0,1,0,1,1,0,0,0,0,0,0,1,1,1,1
Buket Bengisu & Saphire,1,1,1,1,0,1,0,1,1,0,0,0,0,0,0,1,1,1,1
"Burak Aydos, Öztürk Baybora & Serter",1,1,1,1,0,1,0,1,1,0,0,0,0,0,0,1,0,1,1
Buranovskiye Babushki,1,1,1,1,1,1,1,1,1,1,1,0,0,0,0,1,1,1,1
Butch Moore,1,1,1,1,0,1,0,1,1,0,0,0,0,0,0,1,0,1,1
ByeAlex,1,1,1,1,1,1,1,1,1,1,1,0,0,0,0,1,1,1,1
Bó Halldórsson,1,1,1,1,0,1,0,1,1,0,0,0,0,0,0,1,1,1,1
Cadillac,1,1,1,1,0,1,0,1,1,0,0,0,0,0,0,1,0,1,1
Caline and Olivier Toussaint,1,1,1,1,0,1,0,1,1,0,0,0,0,0,0,1,1,1,1
Camillo Felgen,2,2,2,2,0,2,0,2,2,0,0,0,0,0,0,2,2,2,2
Can Bonomo,1,1,1,1,1,1,1,1,1,1,1,0,0,0,0,1,0,1,1
Can-Linn feat. Kasey Smith,1,1,1,1,1,0,1,0,0,1,1,0,0,0,0,1,1,1,1
Carita,1,1,1,1,0,1,0,1,1,0,0,0,0,0,0,1,1,1,1
Carl Espen,1,1,1,1,1,1,1,1,1,1,1,0,0,0,0,1,0,1,1
Carlos Mendes,2,2,2,2,0,2,0,2,2,0,0,0,0,0,0,2,2,2,2
Carlos Paião,1,1,1,1,0,1,0,1,1,0,0,0,0,0,0,1,0,1,1
Carlos do Carmo,1,1,1,1,0,1,0,1,1,0,0,0,0,0,0,1,1,1,1
Carmela Corren,1,1,1,1,0,1,0,1,1,0,0,0,0,0,0,1,1,1,1
Carola,2,2,2,2,1,2,1,2,2,1,1,0,0,0,0,2,1,2,2
Carola Häggkvist,1,1,1,1,0,1,0,1,1,0,0,0,0,0,0,1,1,1,1
Carole Rich,1,1,1,1,0,1,0,1,1,0,0,0,0,0,0,1,0,1,1
Carole Vinci,1,1,1,1,0,1,0,1,1,0,0,0,0,0,0,1,1,1,1
Carousel,1,1,1,1,1,0,1,0,0,1,1,0,0,1,1,1,1,1,1
Cascada,1,1,1,1,0,1,0,1,1,0,0,0,0,0,0,1,0,1,1
CatCat,1,1,1,1,0,1,0,1,1,0,0,0,0,0,0,1,0,1,1
Cathal Dunne,1,1,1,1,0,1,0,1,1,0,0,0,0,0,0,1,0,1,1
Catherine Ferry,1,1,1,1,0,1,0,1,1,0,0,0,0,0,0,1,1,1,1
Cathy Leander,1,1,1,1,0,1,0,1,1,0,0,0,0,0,0,1,0,1,1
Cesár Sampson,1,1,1,1,1,1,1,1,1,1,1,1,1,1,1,1,0,1,1
Cezar,1,1,1,1,1,1,1,1,1,1,1,0,0,0,0,1,0,1,1
Chanel,1,1,1,1,0,1,0,1,1,0,0,1,1,0,0,0,0,0,0
Chanée & N'evergreen,1,1,1,1,1,1,1,1,1,1,1,0,0,0,0,1,1,1,1
Chara and Andreas Konstantinou,1,1,1,1,0,1,0,1,1,0,0,0,0,0,0,1,0,1,1
Charlie,1,1,1,1,0,1,0,1,1,0,0,0,0,0,0,1,1,1,1
Charlotte Nilsson,1,1,1,1,0,1,0,1,1,0,0,0,0,0,0,1,1,1,1
Charlotte Perrelli,1,1,1,1,1,1,1,1,1,1,1,0,0,0,0,1,1,1,1
Charmed,1,1,1,1,0,1,0,1,1,0,0,0,0,0,0,1,0,1,1
Chiara,3,3,3,3,1,3,1,3,3,1,1,0,0,0,0,3,2,3,3
Chingiz,1,1,1,1,1,1,1,1,1,1,1,1,1,1,1,1,1,1,1
Chips,1,1,1,1,0,1,0,1,1,0,0,0,0,0,0,1,1,1,1
"Chocolate, Menta, Mastik",1,1,1,1,0,1,0,1,1,0,0,0,0,0,0,1,1,1,1
Chris Baldo & Sophie Garel,1,1,1,1,0,1,0,1,1,0,0,0,0,0,0,1,1,1,1
Chris Doran,1,1,1,1,0,1,0,1,1,0,0,0,0,0,0,1,1,1,1
Chris Kempers and Daniel Kovac,1,1,1,1,0,1,0,1,1,0,0,0,0,0,0,1,1,1,1
Christa Williams,1,1,1,1,0,1,0,1,1,0,0,0,0,0,0,1,0,1,1
Christabelle,1,1,1,1,1,0,1,0,0,1,1,0,0,1,1,1,1,1,1
Christer Björkman,1,1,1,1,0,1,0,1,1,0,0,0,0,0,0,1,0,1,1
Christie Stassinopoulou,1,1,1,1,0,1,0,1,1,0,0,0,0,0,0,1,1,1,1
Christina Metaxa,1,1,1,1,1,0,1,0,0,1,1,0,0,0,0,1,0,1,1
Christina Simon,1,1,1,1,0,1,0,1,1,0,0,0,0,0,0,1,1,1,1
Christine Guldbrandsen,1,1,1,1,0,1,0,1,1,0,0,0,0,0,0,1,0,1,1
Christine Minier,1,1,1,1,0,1,0,1,1,0,0,0,0,0,0,1,1,1,1
Christos Callow and Wave,1,1,1,1,0,1,0,1,1,0,0,0,0,0,0,1,1,1,1
Christos Mylordos,1,1,1,1,1,0,1,0,0,1,1,0,0,0,0,1,1,1,1
Cindy und Bert,1,1,1,1,0,1,0,1,1,0,0,0,0,0,0,1,1,1,1
Circus Mircus,1,1,1,1,1,0,1,0,0,1,1,0,0,1,1,1,0,1,1
Citi Zēni,1,1,1,1,1,0,1,0,0,1,1,0,0,1,1,1,1,1,1
Claes-Göran Hederström,1,1,1,1,0,1,0,1,1,0,0,0,0,0,0,1,0,1,1
Claude Lombard,1,1,1,1,0,1,0,1,1,0,0,0,0,0,0,1,1,1,1
Claudette Pace,1,1,1,1,0,1,0,1,1,0,0,0,0,0,0,1,1,1,1
Claudia Beni,1,1,1,1,0,1,0,1,1,0,0,0,0,0,0,1,0,1,1
Claudia Faniello,1,1,1,1,1,0,1,0,0,1,1,0,0,1,1,1,1,1,1
Claudio Villa,2,2,2,2,0,2,0,2,2,0,0,0,0,0,0,2,2,2,2
Cleopatra,1,1,1,1,0,1,0,1,1,0,0,0,0,0,0,1,0,1,1
Cliff Richard,2,2,2,2,0,2,0,2,2,0,0,0,0,0,0,2,0,2,2
Clodagh Rodgers,1,1,1,1,0,1,0,1,1,0,0,0,0,0,0,1,1,1,1
Clouseau,1,1,1,1,0,1,0,1,1,0,0,0,0,0,0,1,0,1,1
Cláudia Pascoal,1,1,1,1,0,1,0,1,1,0,0,1,1,0,0,1,0,1,1
Co-Co,1,1,1,1,0,1,0,1,1,0,0,0,0,0,0,1,0,1,1
Cocktail Chic,1,1,1,1,0,1,0,1,1,0,0,0,0,0,0,1,0,1,1
Colette Deréal,1,1,1,1,0,1,0,1,1,0,0,0,0,0,0,1,1,1,1
Colm T. Wilkinson,1,1,1,1,0,1,0,1,1,0,0,0,0,0,0,1,0,1,1
Compact Disco,1,1,1,1,1,1,1,1,1,1,1,0,0,0,0,1,0,1,1
Conan Osíris,1,1,1,1,1,0,1,0,0,1,1,0,0,1,1,1,0,1,1
Conchita Bautista,2,2,2,2,0,2,0,2,2,0,0,0,0,0,0,2,1,2,2
Conchita Wurst,1,1,1,1,1,1,1,1,1,1,1,0,0,0,0,1,0,1,1
Conny Froboess,1,1,1,1,0,1,0,1,1,0,0,0,0,0,0,1,1,1,1
Conny Van den bos,1,1,1,1,0,1,0,1,1,0,0,0,0,0,0,1,1,1,1
Constantinos,1,1,1,1,0,1,0,1,1,0,0,0,0,0,0,1,1,1,1
Constantinos Christoforou,1,1,1,1,0,1,0,1,1,0,0,0,0,0,0,1,0,1,1
Copycat,1,1,0,1,1,0,1,0,0,1,1,0,0,0,0,1,1,1,1
Corinna May,1,1,1,1,0,1,0,1,1,0,0,0,0,0,0,1,1,1,1
Corinne Hermès,1,1,1,1,0,1,0,1,1,0,0,0,0,0,0,1,1,1,1
Cornelia Jakobs,1,1,1,1,1,1,1,1,1,1,1,1,1,1,1,0,0,0,0
Corry Brokken,3,3,3,3,0,3,0,3,2,0,0,0,0,0,0,3,1,3,3
Cosmos,1,1,1,1,0,1,0,1,1,0,0,0,0,0,0,1,1,1,1
Costas Bigalis and the Sea Lovers,1,1,1,1,0,1,0,1,1,0,0,0,0,0,0,1,0,1,1
Cristina Scarlat,1,1,1,1,1,0,1,0,0,1,1,0,0,0,0,1,1,1,1
Csézy,1,1,1,1,1,0,1,0,0,1,1,0,0,0,0,1,1,1,1
Czaba Szigeti,1,1,1,1,0,1,0,1,1,0,0,0,0,0,0,1,1,1,1
Célia Lawson,1,1,1,1,0,1,0,1,1,0,0,0,0,0,0,1,1,1,1
Céline Carzo,1,1,1,1,0,1,0,1,1,0,0,0,0,0,0,1,1,1,1
Céline Dion,1,1,1,1,0,1,0,1,1,0,0,0,0,0,0,1,1,1,1
D mol,1,1,1,1,1,0,1,0,0,1,1,0,0,1,1,1,1,1,1
DJ BoBo,1,1,1,1,1,0,1,0,0,1,1,0,0,0,0,1,0,1,1
DQ,1,1,1,1,1,0,1,0,0,1,1,0,0,0,0,1,1,1,1
Da Vinci,1,1,1,1,0,1,0,1,1,0,0,0,0,0,0,1,1,1,1
Dafna,1,1,1,1,0,1,0,1,1,0,0,0,0,0,0,1,1,1,1
Daisy Auvray,1,1,1,1,0,1,0,1,1,0,0,0,0,0,0,1,0,1,1
Dalal & Deen feat. Ana Rucner & Jala,1,1,1,1,1,0,1,0,0,1,1,0,0,1,1,1,1,1,1
Dami Im,1,1,1,1,1,1,1,1,1,1,1,1,1,1,1,1,0,1,1
Damir Kedžo,1,1,1,0,1,0,0,0,0,0,0,0,0,0,0,0,0,1,1
Dan Ar Braz et l'Héritage des Celtes,1,1,1,1,0,1,0,1,1,0,0,0,0,0,0,1,0,1,1
Dan Bittman,1,1,1,1,0,1,0,1,1,0,0,0,0,0,0,1,0,1,1
Dana,1,1,1,1,0,1,0,1,1,0,0,0,0,0,0,1,0,1,1
Dana International,2,2,2,2,1,1,1,1,1,1,1,0,0,0,0,2,1,2,2
Daniel Diges,1,1,1,1,0,1,0,1,1,0,0,0,0,0,0,1,0,1,1
Daniel Kajmakoski,1,1,1,1,1,0,1,0,0,1,1,0,0,0,0,1,0,1,1
Daniela Simons,1,1,1,1,0,1,0,1,1,0,0,0,0,0,0,1,1,1,1
Danijel,1,1,1,1,0,1,0,1,1,0,0,0,0,0,0,1,1,1,1
Danijela,1,1,1,1,0,1,0,1,1,0,0,0,0,0,0,1,0,1,1
Danièle Dupré,1,1,1,1,0,1,0,1,1,0,0,0,0,0,0,1,1,1,1
Dany Dauberson,1,1,1,1,0,1,0,1,0,0,0,0,0,0,0,1,0,1,1
Daníel Augúst Haraldsson,1,1,1,1,0,1,0,1,1,0,0,0,0,0,0,1,0,1,1
Daria,1,1,1,1,1,0,1,0,0,1,1,0,0,0,0,1,1,1,1
Dario Campeotto,1,1,1,1,0,1,0,1,1,0,0,0,0,0,0,1,0,1,1
Darja Svajger,2,2,2,2,0,2,0,2,2,0,0,0,0,0,0,2,2,2,2
Darude feat. Sebastian Rejman,1,1,1,1,1,0,1,0,0,1,1,0,0,1,1,1,0,1,1
Datner and Kushnir,1,1,1,1,0,1,0,1,1,0,0,0,0,0,0,1,0,1,1
David Civera,1,1,1,1,0,1,0,1,1,0,0,0,0,0,0,1,0,1,1
David D'or,1,1,1,1,1,0,1,0,0,1,1,0,0,0,0,1,1,1,1
David-Alexandre Winter,1,1,1,1,0,1,0,1,1,0,0,0,0,0,0,1,1,1,1
Davor Popovic,1,1,1,1,0,1,0,1,1,0,0,0,0,0,0,1,1,1,1
Dawn,1,1,1,1,0,1,0,1,1,0,0,0,0,0,0,1,0,1,1
Daz Sampson,1,1,1,1,0,1,0,1,1,0,0,0,0,0,0,1,0,1,1
Daði & Gagnamagnið,2,2,2,1,2,1,1,1,1,1,1,1,1,1,1,1,0,2,2
De Spelbrekers,1,1,1,1,0,1,0,1,1,0,0,0,0,0,0,1,1,1,1
Debbie Cameron and Tommy Seebach,1,1,1,1,0,1,0,1,1,0,0,0,0,0,0,1,1,1,1
Debbie Scerri,1,1,1,1,0,1,0,1,1,0,0,0,0,0,0,1,0,1,1
Deen,1,1,1,1,1,1,1,1,1,1,1,0,0,0,0,1,0,1,1
Deep Zone & Balthazar,1,1,1,1,1,0,1,0,0,1,1,0,0,0,0,1,0,1,1
Demy,1,1,1,1,1,1,1,1,1,1,1,1,1,1,1,1,1,1,1
Dervish,1,1,1,1,0,1,0,1,1,0,0,0,0,0,0,1,0,1,1
Despina Olympiou,1,1,1,1,1,0,1,0,0,1,1,0,0,0,0,1,1,1,1
Destiny,2,2,2,1,2,1,1,1,1,1,1,1,1,1,1,0,0,1,1
Diana Gurtskaya,1,1,1,1,1,1,1,1,1,1,1,0,0,0,0,1,1,1,1
Dickie Rock,1,1,1,1,0,1,0,1,1,0,0,0,0,0,0,1,0,1,1
Didrik Solli-Tangen,1,1,1,1,0,1,0,1,1,0,0,0,0,0,0,1,0,1,1
Dihaj,1,1,1,1,1,1,1,1,1,1,1,1,1,1,1,1,1,1,1
Dilara Kazimova,1,1,1,1,1,1,1,1,1,1,1,0,0,0,0,1,0,1,1
Diljá,1,1,1,1,0,0,0,0,0,0,0,0,0,0,0,1,0,1,1
Dima Bilan,2,2,2,2,2,2,2,2,2,2,2,0,0,0,0,2,2,2,2
Dina Garipova,1,1,1,1,1,1,1,1,1,1,1,0,0,0,0,1,0,1,1
Dino Merlin,1,1,1,1,1,1,1,1,1,1,1,0,0,0,0,1,0,1,1
Dino and Beatrice,1,1,1,1,0,1,0,1,1,0,0,0,0,0,0,1,0,1,1
Diná,1,1,1,1,0,1,0,1,1,0,0,0,0,0,0,1,1,1,1
Diodato,1,1,1,0,0,0,0,0,0,0,0,0,0,0,0,0,0,1,1
Dionysia and Thalassa group,1,1,1,1,0,1,0,1,1,0,0,0,0,0,0,1,1,1,1
Dmitry Koldun,1,1,1,1,1,1,1,1,1,1,1,0,0,0,0,1,1,1,1
DoReDos,1,1,1,1,1,1,1,1,1,1,1,1,1,1,1,1,1,1,1
Doce,1,1,1,1,0,1,0,1,1,0,0,0,0,0,0,1,0,1,1
Dollie de Luxe,1,1,1,1,0,1,0,1,1,0,0,0,0,0,0,1,0,1,1
Domenico Modugno,3,3,3,3,0,3,0,3,3,0,0,0,0,0,0,3,2,3,3
Dominique Dussault,1,1,1,1,0,1,0,1,1,0,0,0,0,0,0,1,1,1,1
Dominique Walter,1,1,1,1,0,1,0,1,1,0,0,0,0,0,0,1,1,1,1
Donatan & Cleo,1,1,1,1,1,1,1,1,1,1,1,0,0,0,0,1,0,1,1
Donna and Joseph McCaul,1,1,1,1,1,0,1,0,0,1,1,0,0,0,0,1,0,1,1
Donny Montell,2,2,2,2,2,2,2,2,2,2,2,1,1,1,1,2,0,2,2
Dora,2,2,2,2,0,2,0,2,2,0,0,0,0,0,0,2,0,2,2
Dorians,1,1,1,1,1,1,1,1,1,1,1,0,0,0,0,1,1,1,1
Doris Dragović,2,2,2,2,0,2,0,2,2,0,0,0,0,0,0,2,1,2,2
Douwe Bob,1,1,1,1,1,1,1,1,1,1,1,1,1,1,1,1,1,1,1
Dragonfly feat. Dado Topic,1,1,1,1,1,0,1,0,0,1,1,0,0,0,0,1,0,1,1
Dream Express,1,1,1,1,0,1,0,1,1,0,0,0,0,0,0,1,0,1,1
Dschinghis Khan,1,1,0,1,0,1,0,1,1,0,0,0,0,0,0,1,1,1,1
Duarte Mendes,1,1,1,1,0,1,0,1,1,0,0,0,0,0,0,1,0,1,1
Duilio,1,1,1,1,0,1,0,1,1,0,0,0,0,0,0,1,0,1,1
Dulce,1,1,1,1,0,1,0,1,1,0,0,0,0,0,0,1,1,1,1
Duncan Laurence,1,1,1,1,1,1,1,1,1,1,1,1,1,1,1,1,0,1,1
Duo Datz,1,1,1,1,0,1,0,1,1,0,0,0,0,0,0,1,0,1,1
Dustin the Turkey,1,1,1,1,1,0,1,0,0,1,1,0,0,0,0,1,0,1,1
ENI,1,1,1,1,0,1,0,1,1,0,0,0,0,0,0,1,1,1,1
ESDM,1,1,1,1,0,1,0,1,1,0,0,0,0,0,0,1,0,1,1
Eamonn Toal,1,1,1,1,0,1,0,1,1,0,0,0,0,0,0,1,1,1,1
Eddie Butler,1,1,1,1,0,1,0,1,1,0,0,0,0,0,0,1,1,1,1
Eddie Friel,1,1,1,1,0,1,0,1,1,0,0,0,0,0,0,1,0,1,1
Edea,1,1,1,1,0,1,0,1,1,0,0,0,0,0,0,1,1,1,1
Eden,1,1,1,1,0,1,0,1,1,0,0,0,0,0,0,1,0,1,1
Eden Alene,2,2,2,1,2,1,1,1,1,1,1,1,1,1,1,1,0,2,2
Edin-Ådahl,1,1,1,1,0,1,0,1,1,0,0,0,0,0,0,1,0,1,1
Edsilia Rombley,2,2,2,2,1,1,1,1,1,1,1,0,0,0,0,2,1,2,2
Eduard Romanyuta,1,1,1,1,1,0,1,0,0,1,1,0,0,0,0,1,0,1,1
Eduardo Nascimento,1,1,1,1,0,1,0,1,1,0,0,0,0,0,0,1,1,1,1
Edurne,1,1,1,1,0,1,0,1,1,0,0,0,0,0,0,1,0,1,1
Edyta Górniak,1,1,1,1,0,1,0,1,1,0,0,0,0,0,0,1,1,1,1
Efendi,1,1,1,1,1,1,1,1,1,1,1,1,1,1,1,0,0,0,0
Egon Egemann,1,1,1,1,0,1,0,1,1,0,0,0,0,0,0,1,0,1,1
Eimear Quinn,1,1,1,1,0,1,0,1,1,0,0,0,0,0,0,1,0,1,1
Eiríkur Hauksson,1,1,1,1,1,0,1,0,0,1,1,0,0,0,0,1,1,1,1
Elaiza,1,1,1,1,0,1,0,1,1,0,0,0,0,0,0,1,1,1,1
Eldrine,1,1,1,1,1,1,1,1,1,1,1,0,0,0,0,1,1,1,1
Electro Velvet,1,1,1,1,0,1,0,1,1,0,0,0,0,0,0,1,0,1,1
Eleftheria Eleftheriou,1,1,1,1,1,1,1,1,1,1,1,0,0,0,0,1,0,1,1
Elena,1,1,1,1,1,1,1,1,1,1,1,0,0,0,0,1,1,1,1
Elena Patroclou,1,1,1,1,0,1,0,1,1,0,0,0,0,0,0,1,1,1,1
Elena Risteska,1,1,1,1,1,1,1,1,1,1,1,0,0,0,0,1,1,1,1
Elena Tsagrinou,1,1,1,1,1,1,1,1,1,1,1,1,1,1,1,1,0,1,1
Eleni Foureira,1,1,1,1,1,1,1,1,1,1,1,1,1,1,1,1,1,1,1
Eleonore Schwarz,1,1,1,1,0,1,0,1,1,0,0,0,0,0,0,1,0,1,1
Elhaida Dani,1,1,1,1,1,1,1,1,1,1,1,0,0,0,0,1,1,1,1
Elina Born & Stig Rästa,1,1,1,1,1,1,1,1,1,1,1,0,0,0,0,1,0,1,1
Elina Constantopoulou,1,1,1,1,0,1,0,1,1,0,0,0,0,0,0,1,1,1,1
Elina Nechayeva,1,1,1,1,1,1,1,1,1,1,1,1,1,1,1,1,1,1,1
Eliot,1,1,1,1,1,0,1,0,0,1,1,0,0,1,1,1,0,1,1
Elisa,1,1,1,0,1,0,0,0,0,0,0,0,0,0,0,0,0,1,1
Elisabeth Andreasson,1,1,1,1,0,1,0,1,1,0,0,0,0,0,0,1,0,1,1
Elisabeth Andreasson & Jan Werner Danielsen,1,1,1,1,0,1,0,1,1,0,0,0,0,0,0,1,1,1,1
Elitsa Todorova & Stoyan Yankulov,1,1,1,1,1,1,1,1,1,1,1,0,0,0,0,1,1,1,1
"Elitsa Todorova, Stoyan Yankulov",1,1,1,1,1,0,1,0,0,1,1,0,0,0,0,1,0,1,1
Ell/Nikki,1,1,1,1,1,1,1,1,1,1,1,0,0,0,0,1,1,1,1
Ellen Nikolaysen,1,1,1,1,0,1,0,1,1,0,0,0,0,0,0,1,1,1,1
Ellen Winther,1,1,1,1,0,1,0,1,1,0,0,0,0,0,0,1,1,1,1
Elnur & Samir,1,1,1,1,1,1,1,1,1,1,1,0,0,0,0,1,1,1,1
Elnur Hüseynov,1,1,1,1,1,1,1,1,1,1,1,0,0,0,0,1,1,1,1
Elpida,2,2,2,2,0,2,0,2,2,0,0,0,0,0,0,2,2,2,2
Emilio Pericoli,1,1,1,1,0,1,0,1,1,0,0,0,0,0,0,1,1,1,1
Emly Starr,1,1,1,1,0,1,0,1,1,0,0,0,0,0,0,1,1,1,1
Emma,2,2,2,2,0,2,0,2,2,0,0,0,0,0,0,2,0,2,2
Emma Muscat,1,1,1,1,1,0,1,0,0,1,1,0,0,1,1,1,0,1,1
Emmelie de Forest,1,1,1,1,1,1,1,1,1,1,1,0,0,0,0,1,0,1,1
Emmy,1,1,1,1,1,0,1,0,0,1,1,0,0,0,0,1,1,1,1
Eneda Tarifa,1,1,1,1,1,0,1,0,0,1,1,0,0,1,1,1,0,1,1
Engelbert Humperdinck,1,1,1,1,0,1,0,1,1,0,0,0,0,0,0,1,0,1,1
Enrico Ruggeri,1,1,1,1,0,1,0,1,1,0,0,0,0,0,0,1,0,1,1
Equinox,1,1,1,1,1,1,1,1,1,1,1,1,1,1,1,1,0,1,1
Eric Papilaya,1,1,1,1,1,0,1,0,0,1,1,0,0,0,0,1,1,1,1
Eric Saade,1,1,1,1,1,1,1,1,1,1,1,0,0,0,0,1,0,1,1
Ermal Meta & Fabrizio Moro,1,1,1,1,0,1,0,1,1,0,0,1,1,0,0,1,0,1,1
Esma & Lozano,1,1,1,1,1,0,1,0,0,1,1,0,0,0,0,1,1,1,1
Ester Peony,1,1,1,1,1,0,1,0,0,1,1,0,0,1,1,1,1,1,1
Esther Hart,1,1,1,1,0,1,0,1,1,0,0,0,0,0,0,1,0,1,1
Esther Ofarim,1,1,1,1,0,1,0,1,1,0,0,0,0,0,0,1,1,1,1
Ethno-Jazz Band Iriao,1,1,1,1,1,0,1,0,0,1,1,0,0,1,1,1,1,1,1
Eugent Bushpepa,1,1,1,1,1,1,1,1,1,1,1,1,1,1,1,1,0,1,1
Euroband,1,1,1,1,1,1,1,1,1,1,1,0,0,0,0,1,1,1,1
Eva Boto,1,1,1,1,1,0,1,0,0,1,1,0,0,0,0,1,1,1,1
Eva Rivas,1,1,1,1,1,1,1,1,1,1,1,0,0,0,0,1,1,1,1
Eva Santamaria,1,1,1,1,0,1,0,1,1,0,0,0,0,0,0,1,1,1,1
Eva Sršen,1,1,1,1,0,1,0,1,1,0,0,0,0,0,0,1,1,1,1
Evdokia Kadi,1,1,1,1,1,0,1,0,0,1,1,0,0,0,0,1,1,1,1
Evelin Samuel and Camille,1,1,1,1,0,1,0,1,1,0,0,0,0,0,0,1,1,1,1
Evelina Sašenko,1,1,1,1,1,1,1,1,1,1,1,0,0,0,0,1,1,1,1
Evridiki,3,3,3,3,1,2,1,2,2,1,1,0,0,0,0,3,1,3,3
Extra Nena,1,1,1,1,0,1,0,1,1,0,0,0,0,0,0,1,1,1,1
Eye Cue,1,1,1,1,1,0,1,0,0,1,1,0,0,1,1,1,1,1,1
Eythor Ingi,1,1,1,1,1,1,1,1,1,1,1,0,0,0,0,1,0,1,1
F.L.Y.,1,1,1,1,0,1,0,1,1,0,0,0,0,0,0,1,0,1,1
Fabrizio Faniello,2,2,2,2,0,2,0,2,2,0,0,0,0,0,0,2,1,2,2
Fame,1,1,1,1,0,1,0,1,1,0,0,0,0,0,0,1,0,1,1
Family Four,2,2,2,2,0,2,0,2,2,0,0,0,0,0,0,2,0,2,2
Fanny,1,1,1,1,0,1,0,1,1,0,0,0,0,0,0,1,0,1,1
Fanny Polymeri and Yiannis Savvidakis,1,1,1,1,0,1,0,1,1,0,0,0,0,0,0,1,1,1,1
Farid Mammadov,1,1,1,1,1,1,1,1,1,1,1,0,0,0,0,1,1,1,1
Fazla,1,1,1,1,0,1,0,1,1,0,0,0,0,0,0,1,1,1,1
Feminnem,2,2,2,2,1,1,1,1,1,1,1,0,0,0,0,2,1,2,2
Fernando Tordo,1,1,1,1,0,1,0,1,1,0,0,0,0,0,0,1,1,1,1
Ferry Graf,1,1,1,1,0,1,0,1,1,0,0,0,0,0,0,1,1,1,1
Filipa Azevedo,1,1,1,1,1,1,1,1,1,1,1,0,0,0,0,1,0,1,1
Filipa Sousa,1,1,1,1,1,0,1,0,0,1,1,0,0,0,0,1,1,1,1
Finn Kalvik,1,1,1,1,0,1,0,1,1,0,0,0,0,0,0,1,0,1,1
Firelight,1,1,1,1,1,1,1,1,1,1,1,0,0,0,0,1,0,1,1
Flor-de-lis,1,1,1,1,1,1,1,1,1,1,1,0,0,0,0,1,1,1,1
Fomins & Kleins,1,1,1,1,1,0,1,0,0,1,1,0,0,0,0,1,1,1,1
Forbes,1,1,1,1,0,1,0,1,1,0,0,0,0,0,0,1,1,1,1
Franca Raimondi,1,1,1,1,0,1,0,1,0,0,0,0,0,0,0,1,1,1,1
Franca di Rienzo,1,1,1,1,0,1,0,1,1,0,0,0,0,0,0,1,1,1,1
France Gall,1,1,1,1,0,1,0,1,1,0,0,0,0,0,0,1,0,1,1
Frances Ruffelle,1,1,1,1,0,1,0,1,1,0,0,0,0,0,0,1,0,1,1
Francesca Michielin,1,1,1,1,0,1,0,1,1,0,0,1,1,0,0,1,1,1,1
Francesco Gabbani,1,1,1,1,0,1,0,1,1,0,0,1,1,0,0,1,0,1,1
Francine Jordi,1,1,1,1,0,1,0,1,1,0,0,0,0,0,0,1,0,1,1
Franka,1,1,1,1,1,0,1,0,0,1,1,0,0,1,1,1,1,1,1
Frans,1,1,1,1,0,1,0,1,1,0,0,1,1,0,0,1,0,1,1
François Deguelt,2,2,2,2,0,2,0,2,2,0,0,0,0,0,0,2,2,2,2
Françoise Hardy,1,1,1,1,0,1,0,1,1,0,0,0,0,0,0,1,0,1,1
Freaky Fortune feat. RiskyKidd,1,1,1,1,1,1,1,1,1,1,1,0,0,0,0,1,1,1,1
Freddie,1,1,1,1,1,1,1,1,1,1,1,1,1,1,1,1,1,1,1
Freddy Quinn,1,1,1,1,0,1,0,1,0,0,0,0,0,0,0,1,1,1,1
Fredi,1,1,1,1,0,1,0,1,1,0,0,0,0,0,0,1,1,1,1
Fredi and The Friends,1,1,1,1,0,1,0,1,1,0,0,0,0,0,0,1,1,1,1
Frida Boccara,1,1,1,1,0,1,0,1,1,0,0,0,0,0,0,1,1,1,1
Friderika Bayer,1,1,1,1,0,1,0,1,1,0,0,0,0,0,0,1,0,1,1
Friends,1,1,1,1,0,1,0,1,1,0,0,0,0,0,0,1,1,1,1
Frizzle Sizzle,1,1,1,1,0,1,0,1,1,0,0,0,0,0,0,1,1,1,1
Frédéric Etherlinck,1,1,1,1,0,1,0,1,1,0,0,0,0,0,0,1,0,1,1
Fud Leclerc,4,4,4,4,0,4,0,4,3,0,0,0,0,0,0,4,3,4,4
Furbaz,1,1,1,1,0,1,0,1,1,0,0,0,0,0,0,1,0,1,1
Fusedmarc,1,1,1,1,1,0,1,0,0,1,1,0,0,1,1,1,1,1,1
Fyr og Flamme,1,1,1,1,1,0,1,0,0,1,1,0,0,1,1,1,0,1,1
Gabriela Gunčíková,1,1,1,1,1,1,1,1,1,1,1,1,1,1,1,1,1,1,1
Gaitana,1,1,1,1,1,1,1,1,1,1,1,0,0,0,0,1,1,1,1
Gary Lux,2,2,2,2,0,2,0,2,2,0,0,0,0,0,0,2,2,2,2
Gary O'Shaughnessy,1,1,1,1,0,1,0,1,1,0,0,0,0,0,0,1,0,1,1
Geir Rönning,1,1,1,1,1,0,1,0,0,1,1,0,0,0,0,1,1,1,1
Gemini,1,1,1,1,0,1,0,1,1,0,0,0,0,0,0,1,1,1,1
Genealogy,1,1,1,1,1,1,1,1,1,1,1,0,0,0,0,1,1,1,1
George Nußbaumer,1,1,1,1,0,1,0,1,1,0,0,0,0,0,0,1,0,1,1
Gerard Joling,1,1,1,1,0,1,0,1,1,0,0,0,0,0,0,1,0,1,1
Gerli Padar,1,1,1,1,1,0,1,0,0,1,1,0,0,0,0,1,1,1,1
Geta Burlacu,1,1,1,1,1,0,1,0,0,1,1,0,0,0,0,1,1,1,1
Getter Jaani,1,1,1,1,1,1,1,1,1,1,1,0,0,0,0,1,0,1,1
Gianluca,1,1,1,1,1,1,1,1,1,1,1,0,0,0,0,1,0,1,1
Gianni Mascolo,1,1,1,1,0,1,0,1,1,0,0,0,0,0,0,1,1,1,1
Gianni Morandi,1,1,1,1,0,1,0,1,1,0,0,0,0,0,0,1,1,1,1
Gigliola Cinquetti,2,2,2,2,0,2,0,2,2,0,0,0,0,0,0,2,1,2,2
Gili & Galit,1,1,1,1,0,1,0,1,1,0,0,0,0,0,0,1,0,1,1
Gina G,1,1,1,1,0,1,0,1,1,0,0,0,0,0,0,1,1,1,1
Giorgos Alkaios & Friends,1,1,1,1,1,1,1,1,1,1,1,0,0,0,0,1,1,1,1
Gipsy.cz,1,1,1,1,1,0,1,0,0,1,1,0,0,0,0,1,0,1,1
Gisela,1,1,1,1,1,0,1,0,0,1,1,0,0,0,0,1,0,1,1
Gitte,1,1,1,1,0,1,0,1,1,0,0,0,0,0,0,1,1,1,1
Gjoko Taneski,1,1,1,1,1,0,1,0,0,1,1,0,0,0,0,1,0,1,1
Gjon's Tears,2,2,2,1,2,1,1,1,1,1,1,1,1,1,1,1,1,2,2
Glen Vella,1,1,1,1,1,0,1,0,0,1,1,0,0,0,0,1,0,1,1
Glennis Grace,1,1,1,1,1,0,1,0,0,1,1,0,0,0,0,1,1,1,1
Global.Kryner,1,1,1,1,1,0,1,0,0,1,1,0,0,0,0,1,1,1,1
Go_A,2,2,2,1,2,1,1,1,1,1,1,1,1,1,1,1,1,2,2
Goran Karan,1,1,1,1,0,1,0,1,1,0,0,0,0,0,0,1,0,1,1
Gracia,1,1,1,1,0,1,0,1,1,0,0,0,0,0,0,1,1,1,1
Greenjolly,1,1,1,1,0,1,0,1,1,0,0,0,0,0,0,1,1,1,1
Greetje Kauffeld,1,1,1,1,0,1,0,1,1,0,0,0,0,0,0,1,1,1,1
Greta Salóme,1,1,1,1,1,0,1,0,0,1,1,0,0,1,1,1,0,1,1
Greta Salóme & Jónsi,1,1,1,1,1,1,1,1,1,1,1,0,0,0,0,1,0,1,1
Grethe & Jørgen Ingmann,1,1,1,1,0,1,0,1,1,0,0,0,0,0,0,1,1,1,1
Grethe Kausland & Benny Borg,1,1,1,1,0,1,0,1,1,0,0,0,0,0,0,1,0,1,1
Gromee feat. Lukas Meijer,1,1,1,1,1,0,1,0,0,1,1,0,0,1,1,1,0,1,1
Gry Johansen,1,1,1,1,0,1,0,1,1,0,0,0,0,0,0,1,1,1,1
Guildo Horn,1,1,1,1,0,1,0,1,1,0,0,0,0,0,0,1,0,1,1
Gunvor,1,1,1,1,0,1,0,1,1,0,0,0,0,0,0,1,0,1,1
Guri Schanke,1,1,1,1,1,0,1,0,0,1,1,0,0,0,0,1,0,1,1
Gustaph,1,1,1,1,0,1,0,1,1,0,0,1,1,0,0,1,0,1,1
Guy Bonnet,2,2,2,2,0,2,0,2,2,0,0,0,0,0,0,2,2,2,2
Guy Mardel,1,1,1,1,0,1,0,1,1,0,0,0,0,0,0,1,1,1,1
Guy Sebastian,1,1,1,1,0,1,0,1,1,0,0,0,0,0,0,1,0,1,1
Géraldine,2,2,2,2,0,2,0,2,2,0,0,0,0,0,0,2,2,2,2
Gérard Lenorman,1,1,1,1,0,1,0,1,1,0,0,0,0,0,0,1,1,1,1
Gülseren,1,1,1,1,0,1,0,1,1,0,0,0,0,0,0,1,1,1,1
Habibi,1,1,1,1,0,1,0,1,1,0,0,0,0,0,0,1,1,1,1
Hadise,1,1,1,1,1,1,1,1,1,1,1,0,0,0,0,1,1,1,1
Haldor Lægreid,1,1,1,1,0,1,0,1,1,0,0,0,0,0,0,1,1,1,1
Halla Margarét,1,1,1,1,0,1,0,1,1,0,0,0,0,0,0,1,0,1,1
Hanna Pakarinen,1,1,1,1,0,1,0,1,1,0,0,0,0,0,0,1,1,1,1
Hannah,1,1,1,1,1,0,1,0,0,1,1,0,0,0,0,1,0,1,1
Hanne Krogh,1,1,1,1,0,1,0,1,1,0,0,0,0,0,0,1,0,1,1
Harel Skaat,1,1,1,1,1,1,1,1,1,1,1,0,0,0,0,1,1,1,1
Hari Mata Hari,1,1,1,1,1,1,1,1,1,1,1,0,0,0,0,1,1,1,1
Haris Anastasiou,1,1,1,1,0,1,0,1,1,0,0,0,0,0,0,1,1,1,1
Harmony,1,1,1,1,0,1,0,1,1,0,0,0,0,0,0,1,1,1,1
Harry Winter,1,1,1,1,0,1,0,1,1,0,0,0,0,0,0,1,1,1,1
Hatari,1,1,1,1,1,1,1,1,1,1,1,1,1,1,1,1,0,1,1
Hayko,1,1,1,1,0,1,0,1,1,0,0,0,0,0,0,1,1,1,1
Heart 2 Heart,1,1,1,1,0,1,0,1,1,0,0,0,0,0,0,1,1,1,1
Heddy Lester,1,1,1,1,0,1,0,1,1,0,0,0,0,0,0,1,1,1,1
Heidi Brühl,1,1,1,1,0,1,0,1,1,0,0,0,0,0,0,1,0,1,1
Helen and Joseph,1,1,1,1,0,1,0,1,1,0,0,0,0,0,0,1,1,1,1
Helena Paparizou,1,1,1,1,0,1,0,1,1,0,0,0,0,0,0,1,1,1,1
Henri Dès,1,1,1,1,0,1,0,1,1,0,0,0,0,0,0,1,0,1,1
Hera Björk,1,1,1,1,1,1,1,1,1,1,1,0,0,0,0,1,0,1,1
Herrey's,1,1,1,1,0,1,0,1,1,0,0,0,0,0,0,1,1,1,1
Hersi,1,1,1,1,1,0,1,0,0,1,1,0,0,0,0,1,1,1,1
Highway,1,1,1,1,1,0,1,0,0,1,1,0,0,1,1,1,1,1,1
Hind,1,1,1,1,1,0,1,0,0,1,1,0,0,0,0,1,1,1,1
Hoffmann und Hoffmann,1,1,1,1,0,1,0,1,1,0,0,0,0,0,0,1,1,1,1
Homens Da Luta,1,1,1,1,1,0,1,0,0,1,1,0,0,0,0,1,1,1,1
Hooverphonic,2,2,2,1,2,1,1,1,1,1,1,1,1,1,1,0,0,1,1
Hot Eyes,2,2,2,2,0,2,0,2,2,0,0,0,0,0,0,2,2,2,2
Hotel FM,1,1,1,1,1,1,1,1,1,1,1,0,0,0,0,1,1,1,1
Hovi Star,1,1,1,1,1,1,1,1,1,1,1,1,1,1,1,1,0,1,1
Hovig,1,1,1,1,1,1,1,1,1,1,1,1,1,1,1,1,0,1,1
Hugues Aufray,1,1,1,1,0,1,0,1,1,0,0,0,0,0,0,1,1,1,1
Humphrey Campbell,1,1,1,1,0,1,0,1,1,0,0,0,0,0,0,1,0,1,1
Hurricane,2,2,2,1,2,1,1,1,1,1,1,1,1,1,1,1,1,2,2
Ich Troje,2,2,2,2,1,1,1,1,1,1,1,0,0,0,0,2,2,2,2
Icy,1,1,1,1,0,1,0,1,1,0,0,0,0,0,0,1,0,1,1
Ieva Zasimauskaitė,1,1,1,1,1,1,1,1,1,1,1,1,1,1,1,1,0,1,1
Igor Cukrov feat. Andrea,1,1,1,1,1,1,1,1,1,1,1,0,0,0,0,1,1,1,1
Il Volo,1,1,1,1,0,1,0,1,1,0,0,0,0,0,0,1,0,1,1
Ilanit,2,2,2,2,0,2,0,2,2,0,0,0,0,0,0,2,2,2,2
Ilinca feat. Alex Florea,1,1,1,1,1,1,1,1,1,1,1,1,1,1,1,1,1,1,1
Imaani,1,1,1,1,0,1,0,1,1,0,0,0,0,0,0,1,0,1,1
Imri Ziv,1,1,1,1,1,1,1,1,1,1,1,1,1,1,1,1,0,1,1
InCulto,1,1,1,1,1,0,1,0,0,1,1,0,0,0,0,1,0,1,1
Ines,1,1,1,1,0,1,0,1,1,0,0,0,0,0,0,1,1,1,1
Inga,1,1,1,1,0,1,0,1,1,0,0,0,0,0,0,1,1,1,1
Inga & Anush,1,1,1,1,1,1,1,1,1,1,1,0,0,0,0,1,1,1,1
Inge Brück,1,1,1,1,0,1,0,1,1,0,0,0,0,0,0,1,0,1,1
Ingeborg,1,1,1,1,0,1,0,1,1,0,0,0,0,0,0,1,0,1,1
Inger Berggren,1,1,1,1,0,1,0,1,1,0,0,0,0,0,0,1,0,1,1
Inger Jacobsen,1,1,1,1,0,1,0,1,1,0,0,0,0,0,0,1,1,1,1
Ingrid Peters,1,1,1,1,0,1,0,1,1,0,0,0,0,0,0,1,0,1,1
Ingvar Wixell,1,1,1,1,0,1,0,1,1,0,0,0,0,0,0,1,1,1,1
Intars Busulis,1,1,1,1,1,0,1,0,0,1,1,0,0,0,0,1,1,1,1
Intelligent Music Project,1,1,1,1,1,0,1,0,0,1,1,0,0,1,1,1,0,1,1
Ira Losco,2,2,2,2,1,2,1,2,2,1,1,1,1,1,1,2,1,2,2
Ireen Sheer,2,2,2,2,0,2,0,2,2,0,0,0,0,0,0,2,2,2,2
Iris,1,1,1,1,1,0,1,0,0,1,1,0,0,0,0,1,0,1,1
Iru,1,1,1,1,0,0,0,0,0,0,0,0,0,0,0,1,1,1,1
Isabelle Aubret,2,2,2,2,0,2,0,2,2,0,0,0,0,0,0,2,2,2,2
Isaiah Firebrace,1,1,1,1,1,1,1,1,1,1,1,1,1,1,1,1,0,1,1
Ishtar,1,1,1,1,1,0,1,0,0,1,1,0,0,0,0,1,0,1,1
Isis Gee,1,1,1,1,1,1,1,1,1,1,1,0,0,0,0,1,0,1,1
Island,1,1,1,1,0,1,0,1,1,0,0,0,0,0,0,1,1,1,1
Iva Zanicchi,1,1,1,1,0,1,0,1,1,0,0,0,0,0,0,1,1,1,1
Ivan,1,1,1,1,1,0,1,0,0,1,1,0,0,1,1,1,1,1,1
Ivan & Delfin,1,1,1,1,1,0,1,0,0,1,1,0,0,0,0,1,1,1,1
Ivan & M's,1,1,1,1,0,1,0,1,1,0,0,0,0,0,0,1,0,1,1
Ivan Mikulic,1,1,1,1,1,1,1,1,1,1,1,0,0,0,0,1,1,1,1
Iveta Mukuchyan,1,1,1,1,1,1,1,1,1,1,1,1,1,1,1,1,1,1,1
Ivi Adamou,1,1,1,1,1,1,1,1,1,1,1,0,0,0,0,1,0,1,1
Ivo Linna and Maarja-Liis Ilus,1,1,1,1,0,1,0,1,1,0,0,0,0,0,0,1,1,1,1
Izabo,1,1,1,1,1,0,1,0,0,1,1,0,0,0,0,1,0,1,1
"Izel Çeliköz, Rayhan Soykarçi and Can Ugurluér",1,1,1,1,0,1,0,1,1,0,0,0,0,0,0,1,1,1,1
Izhar Cohen,1,1,1,1,0,1,0,1,1,0,0,0,0,0,0,1,1,1,1
Izhar Cohen and the Alphabeta,1,1,1,1,0,1,0,1,1,0,0,0,0,0,0,1,1,1,1
Jacqueline Boyer,1,1,1,1,0,1,0,1,1,0,0,0,0,0,0,1,1,1,1
Jacques Houdek,1,1,1,1,1,1,1,1,1,1,1,1,1,1,1,1,1,1,1
Jacques Hustin,1,1,1,1,0,1,0,1,1,0,0,0,0,0,0,1,1,1,1
Jacques Pills,1,1,1,1,0,1,0,1,1,0,0,0,0,0,0,1,1,1,1
Jacques Raymond,1,1,1,1,0,1,0,1,1,0,0,0,0,0,0,1,1,1,1
Jacques Zegers,1,1,1,1,0,1,0,1,1,0,0,0,0,0,0,1,1,1,1
Jade Ewen,1,1,1,1,0,1,0,1,1,0,0,0,0,0,0,1,0,1,1
Jahn Teigen,2,2,2,2,0,2,0,2,2,0,0,0,0,0,0,2,1,2,2
Jahn Teigen & Anita Skorgan,1,1,1,1,0,1,0,1,1,0,0,0,0,0,0,1,1,1,1
Jaime Morey,1,1,1,1,0,1,0,1,1,0,0,0,0,0,0,1,1,1,1
Jakob Sveistrup,1,1,1,1,1,1,1,1,1,1,1,0,0,0,0,1,0,1,1
Jalisse,1,1,1,1,0,1,0,1,1,0,0,0,0,0,0,1,1,1,1
Jamala,1,1,1,1,1,1,1,1,1,1,1,1,1,1,1,1,0,1,1
James Fox,1,1,1,1,0,1,0,1,1,0,0,0,0,0,0,1,1,1,1
James Newman,2,2,2,1,0,1,0,1,1,0,0,1,1,0,0,1,0,2,2
Jamie-Lee Kriewitz,1,1,1,1,0,1,0,1,1,0,0,1,1,0,0,1,1,1,1
Jan Johansen,1,1,1,1,0,1,0,1,1,0,0,0,0,0,0,1,1,1,1
Jana Burčeska,1,1,1,1,1,0,1,0,0,1,1,0,0,1,1,1,0,1,1
Jane Bogaert,1,1,1,1,0,1,0,1,1,0,0,0,0,0,0,1,1,1,1
Jari Sillanpää,1,1,1,1,1,0,1,0,0,1,1,0,0,0,0,1,1,1,1
Jarkko and Laura,1,1,1,1,0,1,0,1,1,0,0,0,0,0,0,1,1,1,1
Jasmine,1,1,1,1,0,1,0,1,1,0,0,0,0,0,0,1,0,1,1
Javine,1,1,1,1,0,1,0,1,1,0,0,0,0,0,0,1,1,1,1
Jean Gabilou,1,1,1,1,0,1,0,1,1,0,0,0,0,0,0,1,1,1,1
Jean Philippe,2,2,2,2,0,2,0,2,2,0,0,0,0,0,0,2,2,2,2
Jean Vallée,2,2,2,2,0,2,0,2,2,0,0,0,0,0,0,2,0,2,2
Jean-Claude Pascal,2,2,2,2,0,2,0,2,2,0,0,0,0,0,0,2,1,2,2
Jean-Jacques,1,1,1,1,0,1,0,1,1,0,0,0,0,0,0,1,0,1,1
Jean-Paul Mauric,1,1,1,1,0,1,0,1,1,0,0,0,0,0,0,1,1,1,1
Jeane Manson,1,1,1,1,0,1,0,1,1,0,0,0,0,0,0,1,0,1,1
Jeangu Macrooy,2,2,2,1,0,2,0,1,1,0,0,1,1,0,0,1,1,2,2
Jedward,2,2,2,2,2,2,2,2,2,2,2,0,0,0,0,2,0,2,2
Jelena Tomašević feat. Bora Dugic,1,1,1,1,0,1,0,1,1,0,0,0,0,0,0,1,1,1,1
Jemini,1,1,1,1,0,1,0,1,1,0,0,0,0,0,0,1,0,1,1
Jendrik,1,1,1,1,0,1,0,1,1,0,0,1,1,0,0,1,0,1,1
Jennifer,1,1,1,1,1,0,1,0,0,1,1,0,0,0,0,1,0,1,1
Jeronimas Milius,1,1,1,1,1,0,1,0,0,1,1,0,0,0,0,1,1,1,1
Jessica Garlick,1,1,1,1,0,1,0,1,1,0,0,0,0,0,0,1,0,1,1
Jessica Mauboy,1,1,1,1,1,1,1,1,1,1,1,1,1,1,1,1,1,1,1
Jessika feat. Jenifer Brening,1,1,1,1,1,0,1,0,0,1,1,0,0,1,1,1,0,1,1
Jessy Matador,1,1,1,1,0,1,0,1,1,0,0,0,0,0,0,1,0,1,1
Jetty Paerl,1,1,1,1,0,1,0,1,0,0,0,0,0,0,0,1,1,1,1
Jill Johnson,1,1,1,1,0,1,0,1,1,0,0,0,0,0,0,1,1,1,1
Jimmy Makulis,1,1,1,1,0,1,0,1,1,0,0,0,0,0,0,1,0,1,1
Joan Franka,1,1,1,1,1,0,1,0,0,1,1,0,0,0,0,1,1,1,1
Joci Pápai,2,2,2,2,2,1,2,1,1,2,2,1,1,2,2,2,1,2,2
Joe & Jake,1,1,1,1,0,1,0,1,1,0,0,1,1,0,0,1,0,1,1
Joe Grech,1,1,1,1,0,1,0,1,1,0,0,0,0,0,0,1,1,1,1
Joelle Ursull,1,1,1,1,0,1,0,1,1,0,0,0,0,0,0,0,0,1,1
John Karayiannis,1,1,1,1,1,1,1,1,1,1,1,0,0,0,0,1,0,1,1
John Lundvik,1,1,1,1,1,1,1,1,1,1,1,1,1,1,1,1,0,1,1
Johnny Logan,2,2,2,2,0,2,0,2,2,0,0,0,0,0,0,2,0,2,2
Joker Out,1,1,1,1,0,1,0,1,1,0,0,1,1,0,0,1,1,1,1
Jon Lilygreen & The Islanders,1,1,1,1,1,1,1,1,1,1,1,0,0,0,0,1,1,1,1
Jonatan Cerrada,1,1,1,1,0,1,0,1,1,0,0,0,0,0,0,1,1,1,1
Jonida Maliqi,1,1,1,1,1,1,1,1,1,1,1,1,1,1,1,1,0,1,1
Josh,1,1,1,1,0,1,0,1,1,0,0,0,0,0,0,1,0,1,1
Jostein Hasselgård,1,1,1,1,0,1,0,1,1,0,0,0,0,0,0,1,0,1,1
José Cid,1,1,1,1,0,1,0,1,1,0,0,0,0,0,0,1,0,1,1
José Guardiola,1,1,1,1,0,1,0,1,1,0,0,0,0,0,0,1,1,1,1
José Vélez,1,1,1,1,0,1,0,1,1,0,0,0,0,0,0,1,0,1,1
Jowst,1,1,1,1,1,1,1,1,1,1,1,1,1,1,1,1,1,1,1
Joy Fleming,1,1,1,1,0,1,0,1,1,0,0,0,0,0,0,1,1,1,1
Joël Prévost,1,1,1,1,0,1,0,1,1,0,0,0,0,0,0,1,1,1,1
Julia Samoylova,1,1,1,1,1,0,1,0,0,1,1,0,0,1,1,1,0,1,1
Julia Savicheva,1,1,1,1,0,1,0,1,1,0,0,0,0,0,0,1,1,1,1
Juliana Pasha,1,1,1,1,1,1,1,1,1,1,1,0,0,0,0,1,1,1,1
Julie & Ludwig,1,1,1,1,1,1,1,1,1,1,1,0,0,0,0,1,1,1,1
Julio Iglesias,1,1,1,1,0,1,0,1,1,0,0,0,0,0,0,1,0,1,1
Jump the Gun,1,1,1,1,0,1,0,1,1,0,0,0,0,0,0,1,0,1,1
Jurij Veklenko,1,1,1,1,1,0,1,0,0,1,1,0,0,1,1,1,0,1,1
Just 4 Fun,1,1,1,1,0,1,0,1,1,0,0,0,0,0,0,1,1,1,1
Justine Pelmelay,1,1,1,1,0,1,0,1,1,0,0,0,0,0,0,1,1,1,1
Justs,1,1,1,1,1,1,1,1,1,1,1,1,1,1,1,1,0,1,1
Justyna,1,1,1,1,0,1,0,1,1,0,0,0,0,0,0,1,1,1,1
Jérémie Makiese,1,1,1,1,1,1,1,1,1,1,1,1,1,1,1,1,0,1,1
Jónsi,1,1,1,1,0,1,0,1,1,0,0,0,0,0,0,1,1,1,1
Jürgen Marcus,1,1,1,1,0,1,0,1,1,0,0,0,0,0,0,1,1,1,1
Jüri Pootsmann,1,1,1,1,1,0,1,0,0,1,1,0,0,1,1,1,0,1,1
KEiiNO,1,1,1,1,1,1,1,1,1,1,1,1,1,1,1,1,0,1,1
Kabát,1,1,1,1,1,0,1,0,0,1,1,0,0,0,0,1,0,1,1
Kaffe,1,1,1,1,1,0,1,0,0,1,1,0,0,0,0,1,1,1,1
Kaija,1,1,1,1,0,1,0,1,1,0,0,0,0,0,0,1,1,1,1
Kaiti Garbi,1,1,1,1,0,1,0,1,1,0,0,0,0,0,0,1,0,1,1
Kali,1,1,1,1,0,1,0,1,1,0,0,0,0,0,0,1,0,1,1
Kaliopi,2,2,2,2,2,1,2,1,1,2,2,0,0,1,1,2,2,2,2
Kalomira,1,1,1,1,1,1,1,1,1,1,1,0,0,0,0,1,1,1,1
Kalush Orchestra,1,1,1,1,1,1,1,1,1,1,1,1,1,1,1,1,1,1,1
Kamil Mikulčík & Nela Pocisková,1,1,1,1,1,0,1,0,0,1,1,0,0,0,0,1,1,1,1
Karel Gott,1,1,1,1,0,1,0,1,1,0,0,0,0,0,0,1,1,1,1
Kari Kuivalainen,1,1,1,1,0,1,0,1,1,0,0,0,0,0,0,1,0,1,1
Karina,1,1,1,1,0,1,0,1,1,0,0,0,0,0,0,1,1,1,1
Karmen,1,1,1,1,0,1,0,1,1,0,0,0,0,0,0,1,1,1,1
Karolina,2,2,2,2,1,2,1,2,2,1,1,0,0,0,0,2,2,2,2
Karoline Krüger,1,1,1,1,0,1,0,1,1,0,0,0,0,0,0,1,1,1,1
Kasia Kowalska,1,1,1,1,0,1,0,1,1,0,0,0,0,0,0,1,1,1,1
Kasia Moś,1,1,1,1,1,1,1,1,1,1,1,1,1,1,1,1,0,1,1
Katarína Hasprová,1,1,1,1,0,1,0,1,1,0,0,0,0,0,0,1,1,1,1
Kate Gulbrandsen,1,1,1,1,0,1,0,1,1,0,0,0,0,0,0,1,1,1,1
Kate Miller-Heidke,1,1,1,1,1,1,1,1,1,1,1,1,1,1,1,1,0,1,1
Kate Ryan,1,1,1,1,1,0,1,0,0,1,1,0,0,0,0,1,0,1,1
Katerine Duska,1,1,1,1,1,1,1,1,1,1,1,1,1,1,1,1,1,1,1
Kathy Kirby,1,1,1,1,0,1,0,1,1,0,0,0,0,0,0,1,1,1,1
Kati Wolf,1,1,1,1,1,1,1,1,1,1,1,0,0,0,0,1,1,1,1
Katja Ebstein,3,3,3,3,0,3,0,3,3,0,0,0,0,0,0,3,3,3,3
Katri-Helena,2,2,2,2,0,2,0,2,2,0,0,0,0,0,0,2,2,2,2
Katrina and The Waves,1,1,1,1,0,1,0,1,1,0,0,0,0,0,0,1,0,1,1
Katy Bødtger,1,1,1,1,0,1,0,1,1,0,0,0,0,0,0,1,1,1,1
Kaveret (Poogy),1,1,1,1,0,1,0,1,1,0,0,0,0,0,0,1,1,1,1
Kayahan,1,1,1,1,0,1,0,1,1,0,0,0,0,0,0,1,0,1,1
Kejsi Tola,1,1,1,1,1,1,1,1,1,1,1,0,0,0,0,1,1,1,1
Kenan Dogulu,1,1,1,1,1,1,1,1,1,1,1,0,0,0,0,1,0,1,1
Kenneth McKellar,1,1,1,1,0,1,0,1,1,0,0,0,0,0,0,1,1,1,1
Kenny & Lotte,1,1,1,1,0,1,0,1,1,0,0,0,0,0,0,1,0,1,1
Ketil Stokkan,2,2,2,2,0,2,0,2,2,0,0,0,0,0,0,2,0,2,2
Kiev Connolly and the Missing Passengers,1,1,1,1,0,1,0,1,1,0,0,0,0,0,0,1,0,1,1
Kikki Danielsson,1,1,1,1,0,1,0,1,1,0,0,0,0,0,0,1,1,1,1
Kim Jackson,1,1,1,1,0,1,0,1,1,0,0,0,0,0,0,1,0,1,1
Kirka,1,1,1,1,0,1,0,1,1,0,0,0,0,0,0,1,1,1,1
Kirsten & Søren,1,1,1,1,0,1,0,1,1,0,0,0,0,0,0,1,1,1,1
Kirsti Sparboe,3,3,3,3,0,3,0,3,3,0,0,0,0,0,0,3,1,3,3
Klapa s mora,1,1,1,1,1,0,1,0,0,1,1,0,0,0,0,1,0,1,1
Klips ve Onlar,1,1,1,1,0,1,0,1,1,0,0,0,0,0,0,1,1,1,1
Knez,1,1,1,1,1,1,1,1,1,1,1,0,0,0,0,1,1,1,1
Knut Anders Sørum,1,1,1,1,0,1,0,1,1,0,0,0,0,0,0,1,1,1,1
Kobi Marimi,1,1,1,1,0,1,0,1,1,0,0,1,1,0,0,1,0,1,1
Koit Toome,1,1,1,1,0,1,0,1,1,0,0,0,0,0,0,1,1,1,1
Koit Toome & Laura,1,1,1,1,1,0,1,0,0,1,1,0,0,1,1,1,0,1,1
Kojo,1,1,1,1,0,1,0,1,1,0,0,0,0,0,0,1,1,1,1
Konstrakta,1,1,1,1,1,1,1,1,1,1,1,1,1,1,1,1,1,1,1
Korni,1,1,1,1,0,1,0,1,1,0,0,0,0,0,0,1,0,1,1
Koza Mostra feat. Agathon Iakovidis,1,1,1,1,1,1,1,1,1,1,1,0,0,0,0,1,1,1,1
Kraljevi Ulice & 75 Cents,1,1,1,1,1,1,1,1,1,1,1,0,0,0,0,1,0,1,1
Krassimir Avramov,1,1,1,1,1,0,1,0,0,1,1,0,0,0,0,1,1,1,1
Kreisiraadio,1,1,1,1,1,0,1,0,0,1,1,0,0,0,0,1,0,1,1
Krista Siegfrids,1,1,1,1,1,1,1,1,1,1,1,0,0,0,0,1,0,1,1
Kristian Kostov,1,1,1,1,1,1,1,1,1,1,1,1,1,1,1,1,0,1,1
Kristina Hautala,1,1,1,1,0,1,0,1,1,0,0,0,0,0,0,1,1,1,1
Kristina Pelakova,1,1,1,1,1,0,1,0,0,1,1,0,0,0,0,1,1,1,1
Krunoslav Slabinac,1,1,1,1,0,1,0,1,1,0,0,0,0,0,0,1,1,1,1
Kurt Calleja,1,1,1,1,1,1,1,1,1,1,1,0,0,0,0,1,0,1,1
Kuunkuiskaajat,1,1,1,1,1,0,1,0,0,1,1,0,0,0,0,1,0,1,1
Kyriakos Zymboulakis & Demos Van Beke,1,1,1,1,0,1,0,1,1,0,0,0,0,0,0,1,1,1,1
Käärijä,2,2,2,1,1,1,1,1,1,1,1,1,1,0,0,2,2,2,2
Kølig Kaj,1,1,1,1,0,1,0,1,1,0,0,0,0,0,0,1,1,1,1
LPS,1,1,1,1,1,0,1,0,0,1,1,0,0,1,1,1,0,1,1
LT United,1,1,1,1,1,1,1,1,1,1,1,0,0,0,0,1,1,1,1
LUM!X & Pia Maria,1,1,1,1,1,0,1,0,0,1,1,0,0,1,1,1,0,1,1
La Década,1,1,1,1,0,1,0,1,1,0,0,0,0,0,0,1,1,1,1
La Zarra,1,1,1,1,0,1,0,1,1,0,0,1,1,0,0,1,1,1,1
Lado Leskovar,1,1,1,1,0,1,0,1,1,0,0,0,0,0,0,1,1,1,1
Laila Halme,1,1,1,1,0,1,0,1,1,0,0,0,0,0,0,1,0,1,1
Laila Kinnunen,1,1,1,1,0,1,0,1,1,0,0,0,0,0,0,1,1,1,1
Laka,1,1,1,1,1,1,1,1,1,1,1,0,0,0,0,1,0,1,1
Lakahat Shiru,1,1,1,1,0,1,0,1,1,0,0,0,0,0,0,1,1,1,1
Lake Malawi,1,1,1,1,1,1,1,1,1,1,1,1,1,1,1,1,0,1,1
Lale Andersen,1,1,1,1,0,1,0,1,1,0,0,0,0,0,0,1,1,1,1
Lara Fabian,1,1,1,1,0,1,0,1,1,0,0,0,0,0,0,1,1,1,1
Lars A. Fredriksen,1,1,1,1,0,1,0,1,1,0,0,0,0,0,0,1,1,1,1
Lars Berghagen and the Dolls,1,1,1,1,0,1,0,1,1,0,0,0,0,0,0,1,0,1,1
Las Ketchup,1,1,1,1,0,1,0,1,1,0,0,0,0,0,0,1,0,1,1
Lasse Holm & Monica Törnell,1,1,1,1,0,1,0,1,1,0,0,0,0,0,0,1,0,1,1
Lasse Mårtenson,1,1,1,1,0,1,0,1,1,0,0,0,0,0,0,1,1,1,1
Laura,1,1,1,1,0,1,0,1,1,0,0,0,0,0,0,1,1,1,1
Laura Rizzotto,1,1,1,1,1,0,1,0,0,1,1,0,0,1,1,1,0,1,1
Laura Tesoro,1,1,1,1,1,1,1,1,1,1,1,1,1,1,1,1,1,1,1
Laura and the Lovers,1,1,1,1,1,0,1,0,0,1,1,0,0,0,0,1,1,1,1
Laurent Vaguener,1,1,1,1,0,1,0,1,1,0,0,0,0,0,0,1,1,1,1
Lea Sirk,1,1,1,1,1,1,1,1,1,1,1,1,1,1,1,1,1,1,1
Ledina Celo,1,1,1,1,0,1,0,1,1,0,0,0,0,0,0,1,1,1,1
Lena,2,2,2,2,0,2,0,2,2,0,0,0,0,0,0,2,0,2,2
Lena Philipsson,1,1,1,1,0,1,0,1,1,0,0,0,0,0,0,1,0,1,1
Lena Valaitis,1,1,1,1,0,1,0,1,1,0,0,0,0,0,0,1,1,1,1
Lenny Kuhr,1,1,1,1,0,1,0,1,1,0,0,0,0,0,0,1,1,1,1
Leonor Andrade,1,1,1,1,1,0,1,0,0,1,1,0,0,0,0,1,0,1,1
Leonora,1,1,1,1,1,1,1,1,1,1,1,1,1,1,1,1,0,1,1
Les Fatals Picards,1,1,1,1,0,1,0,1,1,0,0,0,0,0,0,1,0,1,1
Les Humphries Singers,1,1,1,1,0,1,0,1,1,0,0,0,0,0,0,1,1,1,1
Lesley Roy,2,2,2,1,2,0,1,0,0,1,1,0,0,1,1,1,0,2,2
Let 3,2,2,2,1,1,1,1,1,1,1,1,1,1,0,0,2,2,2,2
Levina,1,1,1,1,0,1,0,1,1,0,0,1,1,0,0,1,0,1,1
Lia Vishy,1,1,1,1,0,1,0,1,1,0,0,0,0,0,0,1,0,1,1
Liam Reilly,1,1,1,1,0,1,0,1,1,0,0,0,0,0,0,1,0,1,1
Liane Augustin,1,1,1,1,0,1,0,1,1,0,0,0,0,0,0,1,0,1,1
Lidia Isac,1,1,1,1,1,0,1,0,0,1,1,0,0,1,1,1,0,1,1
Lidia Kopania,1,1,1,1,1,0,1,0,0,1,1,0,0,0,0,1,0,1,1
Lighthouse X,1,1,1,1,1,0,1,0,0,1,1,0,0,1,1,1,0,1,1
Liliane Saint-Pierre,1,1,1,1,0,1,0,1,1,0,0,0,0,0,0,1,1,1,1
Lill Lindfors & Svante Thuresson,1,1,1,1,0,1,0,1,1,0,0,0,0,0,0,1,1,1,1
Lill-Babs,1,1,1,1,0,1,0,1,1,0,0,0,0,0,0,1,1,1,1
Lily Castel and Jacques Raymond,1,1,1,1,0,1,0,1,1,0,0,0,0,0,0,1,1,1,1
Linas ir Simona,1,1,1,1,1,0,1,0,0,1,1,0,0,0,0,1,1,1,1
Linda Lepomme,1,1,1,1,0,1,0,1,1,0,0,0,0,0,0,1,1,1,1
Linda Martin,2,2,2,2,0,2,0,2,2,0,0,0,0,0,0,2,0,2,2
Linda Wagenmakers,1,1,1,1,0,1,0,1,1,0,0,0,0,0,0,1,1,1,1
Linda Williams,1,1,1,1,0,1,0,1,1,0,0,0,0,0,0,1,1,1,1
Lindita,1,1,1,1,1,0,1,0,0,1,1,0,0,1,1,1,1,1,1
Lindsay D.,1,1,1,1,0,1,0,1,1,0,0,0,0,0,0,1,0,1,1
Line & Willy,1,1,1,1,0,1,0,1,1,0,0,0,0,0,0,1,1,1,1
Lior Narkis,1,1,1,1,0,1,0,1,1,0,0,0,0,0,0,1,1,1,1
Liora,1,1,1,1,0,1,0,1,1,0,0,0,0,0,0,1,1,1,1
Lisa Andreas,1,1,1,1,1,1,1,1,1,1,1,0,0,0,0,1,0,1,1
Lisa Angell,1,1,1,1,0,1,0,1,1,0,0,0,0,0,0,1,1,1,1
Lisa del Bo,1,1,1,1,0,1,0,1,1,0,0,0,0,0,0,1,1,1,1
Lise Darly,1,1,1,1,1,0,1,0,0,1,1,0,0,0,0,1,0,1,1
Lise Haavik and Trax,1,1,1,1,0,1,0,1,1,0,0,0,0,0,0,1,0,1,1
Litesound,1,1,1,1,1,0,1,0,0,1,1,0,0,0,0,1,0,1,1
Little Big,1,1,1,0,1,0,0,0,0,0,0,0,0,0,0,0,0,1,1
Live Report,1,1,1,1,0,1,0,1,1,0,0,0,0,0,0,1,1,1,1
Lize Marke,1,1,1,1,0,1,0,1,1,0,0,0,0,0,0,1,1,1,1
Ljiljana Petrović,1,1,1,1,0,1,0,1,1,0,0,0,0,0,0,1,1,1,1
Lola Novaković,1,1,1,1,0,1,0,1,1,0,0,0,0,0,0,1,1,1,1
Lonnie Devantier,1,1,1,1,0,1,0,1,1,0,0,0,0,0,0,1,1,1,1
Lord Of The Lost,1,1,1,1,0,1,0,1,1,0,0,1,1,0,0,1,1,1,1
Lordi,1,1,1,1,1,1,1,1,1,1,1,0,0,0,0,1,0,1,1
Loreen,3,3,3,2,2,2,2,2,2,2,2,1,1,0,0,3,0,3,3
Lotta Engberg,1,1,1,1,0,1,0,1,1,0,0,0,0,0,0,1,1,1,1
Lou,1,1,1,1,0,1,0,1,1,0,0,0,0,0,0,1,1,1,1
Loucas Yiorkas feat. Stereo Mike,1,1,1,1,1,1,1,1,1,1,1,0,0,0,0,1,0,1,1
Louis Neefs,2,2,2,2,0,2,0,2,2,0,0,0,0,0,0,2,2,2,2
Louisa Baileche,1,1,1,1,0,1,0,1,1,0,0,0,0,0,0,1,0,1,1
Love City Groove,1,1,0,1,0,1,0,1,1,0,0,0,0,0,0,1,0,1,1
Lovebugs,1,1,1,1,1,0,1,0,0,1,1,0,0,0,0,1,0,1,1
Loïc Nottet,1,1,1,1,1,1,1,1,1,1,1,0,0,0,0,1,1,1,1
Luca Barbarossa,1,1,1,1,0,1,0,1,1,0,0,0,0,0,0,1,0,1,1
Luca Hänni,1,1,1,1,1,1,1,1,1,1,1,1,1,1,1,1,0,1,1
Luci Kapurso & Hamo Hajdarhodzic,1,1,1,1,0,1,0,1,1,0,0,0,0,0,0,1,1,1,1
Lucie Jones,1,1,1,1,0,1,0,1,1,0,0,1,1,0,0,1,0,1,1
Lucía,1,1,1,1,0,1,0,1,1,0,0,0,0,0,0,1,1,1,1
Lucía Pérez,1,1,1,1,0,1,0,1,1,0,0,0,0,0,0,1,0,1,1
Luiz Ejlli,1,1,1,1,1,0,1,0,0,1,1,0,0,0,0,1,1,1,1
Luke Black,2,2,2,1,1,1,1,1,1,1,1,1,1,0,0,2,0,2,2
Lulu,1,1,1,1,0,1,0,1,1,0,0,0,0,0,0,1,1,1,1
Luminita Anghel & Sistem,1,1,1,1,1,1,1,1,1,1,1,0,0,0,0,1,0,1,1
Luv Bug,1,1,1,1,0,1,0,1,1,0,0,0,0,0,0,1,0,1,1
Lydia,1,1,1,1,0,1,0,1,1,0,0,0,0,0,0,1,1,1,1
Lynn Chirchop,1,1,1,1,0,1,0,1,1,0,0,0,0,0,0,1,1,1,1
Lynsey de Paul and Mike Moran,1,1,1,1,0,1,0,1,1,0,0,0,0,0,0,1,0,1,1
Lys Assia,3,3,3,3,0,3,0,3,2,0,0,0,0,0,0,3,2,3,3
Lúcia Moniz,1,1,1,1,0,1,0,1,1,0,0,0,0,0,0,1,1,1,1
MFÖ,2,2,2,2,0,2,0,2,2,0,0,0,0,0,0,2,1,2,2
MTM,1,1,1,1,0,1,0,1,1,0,0,0,0,0,0,1,0,1,1
Maarja-Liis Ilus,1,1,1,1,0,1,0,1,1,0,0,0,0,0,0,1,1,1,1
Mabel,1,1,1,1,0,1,0,1,1,0,0,0,0,0,0,1,0,1,1
Madalena Iglesias,1,1,1,1,0,1,0,1,1,0,0,0,0,0,0,1,0,1,1
Madame Monsieur,1,1,1,1,0,1,0,1,1,0,0,1,1,0,0,1,0,1,1
Madeleine Pascal,1,1,1,1,0,1,0,1,1,0,0,0,0,0,0,1,1,1,1
Mae Muller,1,1,1,1,0,1,0,1,1,0,0,1,1,0,0,1,0,1,1
Magazin and Lidija,1,1,1,1,0,1,0,1,1,0,0,0,0,0,0,1,1,1,1
Magdalena Tul,1,1,1,1,1,0,1,0,0,1,1,0,0,0,0,1,0,1,1
Magdi Rúzsa,1,1,1,1,1,1,1,1,1,1,1,0,0,0,0,1,1,1,1
Maggie MacNeal,1,1,1,1,0,1,0,1,1,0,0,0,0,0,0,1,1,1,1
Mahmood,1,1,1,1,0,1,0,1,1,0,0,1,1,0,0,1,0,1,1
Mahmood & Blanco,1,1,1,1,0,1,0,1,1,0,0,1,1,0,0,1,1,1,1
Maja,1,1,1,1,0,1,0,1,1,0,0,0,0,0,0,1,1,1,1
Maja Blagdan,1,1,1,1,0,1,0,1,1,0,0,0,0,0,0,1,0,1,1
Maja Keuc,1,1,1,1,1,1,1,1,1,1,1,0,0,0,0,1,1,1,1
Malcolm Lincoln,1,1,1,1,1,0,1,0,0,1,1,0,0,0,0,1,0,1,1
Malena Ernman,1,1,1,1,1,1,1,1,1,1,1,0,0,0,0,1,1,1,1
Malene,1,1,1,1,0,1,0,1,1,0,0,0,0,0,0,1,0,1,1
Malik Harris,1,1,1,1,0,1,0,1,1,0,0,1,1,0,0,1,0,1,1
Malina Olinescu,1,1,1,1,0,1,0,1,1,0,0,0,0,0,0,1,1,1,1
Mandinga,1,1,1,1,1,1,1,1,1,1,1,0,0,0,0,1,1,1,1
Mando,1,1,1,1,0,1,0,1,1,0,0,0,0,0,0,1,1,1,1
Manel Navarro,1,1,1,1,0,1,0,1,1,0,0,1,1,0,0,1,0,1,1
Manizha,1,1,1,1,1,1,1,1,1,1,1,1,1,1,1,1,1,1,1
ManuElla,1,1,1,1,1,0,1,0,0,1,1,0,0,1,1,1,1,1,1
Manuel Ortega,1,1,1,1,0,1,0,1,1,0,0,0,0,0,0,1,1,1,1
Manuela Bravo,1,1,1,1,0,1,0,1,1,0,0,0,0,0,0,1,0,1,1
Maraaya,1,1,1,1,1,1,1,1,1,1,1,0,0,0,0,1,1,1,1
Marc Roberts,1,1,1,1,0,1,0,1,1,0,0,0,0,0,0,1,0,1,1
Marcel Palonder,1,1,1,1,0,1,0,1,1,0,0,0,0,0,0,1,1,1,1
Marcha,1,1,1,1,0,1,0,1,1,0,0,0,0,0,0,1,0,1,1
Marcin Mroziński,1,1,1,1,1,0,1,0,0,1,1,0,0,0,0,1,1,1,1
Marco Mengoni,2,2,2,2,0,2,0,2,2,0,0,1,1,0,0,2,2,2,2
Marcos Llunas,1,1,1,1,0,1,0,1,1,0,0,0,0,0,0,1,0,1,1
Margaret Berger,1,1,1,1,1,1,1,1,1,1,1,0,0,0,0,1,0,1,1
"Margo, Franck, Diane, Ireen, Malcolm & Chris",1,1,1,1,0,1,0,1,1,0,0,0,0,0,0,1,1,1,1
Margot Eskens,1,1,1,1,0,1,0,1,1,0,0,0,0,0,0,1,1,1,1
Margot Hielscher,2,2,2,2,0,2,0,2,2,0,0,0,0,0,0,2,2,2,2
Maria,1,1,1,1,1,1,1,1,1,1,1,0,0,0,0,1,0,1,1
Maria Christian,1,1,1,1,0,1,0,1,1,0,0,0,0,0,0,1,0,1,1
Maria Elena Kyriakou,1,1,1,1,1,1,1,1,1,1,1,0,0,0,0,1,1,1,1
Maria Guinot,1,1,1,1,0,1,0,1,1,0,0,0,0,0,0,1,0,1,1
Marian van de Wal,1,1,1,1,1,0,1,0,0,1,1,0,0,0,0,1,1,1,1
Mariana Popova,1,1,1,1,1,0,1,0,0,1,1,0,0,0,0,1,1,1,1
Marianna,1,1,1,1,0,1,0,1,1,0,0,0,0,0,0,1,1,1,1
Marianna Efstratiou,1,1,1,1,0,1,0,1,1,0,0,0,0,0,0,1,1,1,1
Marianna Zorba,1,1,1,1,0,1,0,1,1,0,0,0,0,0,0,1,0,1,1
Marianne Mendt,1,1,1,1,0,1,0,1,1,0,0,0,0,0,0,1,0,1,1
Maribelle,1,1,1,1,0,1,0,1,1,0,0,0,0,0,0,1,0,1,1
Marie,1,1,1,1,0,1,0,1,1,0,0,0,0,0,0,1,1,1,1
Marie Bergman and Roger Pontare,1,1,1,1,0,1,0,1,1,0,0,0,0,0,0,1,1,1,1
Marie Myriam,1,1,1,1,0,1,0,1,1,0,0,0,0,0,0,1,1,1,1
Marie N,1,1,1,1,0,1,0,1,1,0,0,0,0,0,0,1,1,1,1
Marie-Line,1,1,1,1,0,1,0,1,1,0,0,0,0,0,0,1,1,1,1
Mariella Farré,1,1,1,1,0,1,0,1,1,0,0,0,0,0,0,1,1,1,1
Mariella Farré and Pino Gasparini,1,1,1,1,0,1,0,1,1,0,0,0,0,0,0,1,1,1,1
Marija Sestic,1,1,1,1,0,1,0,1,1,0,0,0,0,0,0,1,1,1,1
Marija Šerifović,1,1,1,1,1,1,1,1,1,1,1,0,0,0,0,1,1,1,1
Marinella,1,1,1,1,0,1,0,1,1,0,0,0,0,0,0,1,1,1,1
Marion Rung,2,2,2,2,0,2,0,2,2,0,0,0,0,0,0,2,1,2,2
Marion Welter and Kontinent,1,1,1,1,0,1,0,1,1,0,0,0,0,0,0,1,0,1,1
Marius Bear,1,1,1,1,1,1,1,1,1,1,1,1,1,1,1,1,0,1,1
Mariya Yaremchuk,1,1,1,1,1,1,1,1,1,1,1,0,0,0,0,1,1,1,1
Mariza Koch,1,1,1,1,0,1,0,1,1,0,0,0,0,0,0,1,1,1,1
Marjorie Noël,1,1,1,1,0,1,0,1,1,0,0,0,0,0,0,1,1,1,1
Markku Aro and Koivisto Sisters,1,1,1,1,0,1,0,1,1,0,0,0,0,0,0,1,0,1,1
Marko Kon & Milaan,1,1,1,1,1,0,1,0,0,1,1,0,0,0,0,1,1,1,1
Marlain Angelidou,1,1,1,1,0,1,0,1,1,0,0,0,0,0,0,1,1,1,1
Marlayne,1,1,1,1,0,1,0,1,1,0,0,0,0,0,0,1,0,1,1
Maro,1,1,1,1,1,1,1,1,1,1,1,1,1,1,1,1,1,1,1
Marta Jandová & Václav Noid Bárta,1,1,1,1,1,0,1,0,0,1,1,0,0,0,0,1,1,1,1
Marta Roure,1,1,1,1,1,0,1,0,0,1,1,0,0,0,0,1,0,1,1
Martin Durinda and Tublatanka,1,1,1,1,0,1,0,1,1,0,0,0,0,0,0,1,1,1,1
Martin Stenmarck,1,1,1,1,0,1,0,1,1,0,0,0,0,0,0,1,0,1,1
Martin Vucic,1,1,1,1,1,1,1,1,1,1,1,0,0,0,0,1,1,1,1
Martina Bárta,1,1,1,1,1,0,1,0,0,1,1,0,0,1,1,1,0,1,1
Martine Clémenceau,1,1,1,1,0,1,0,1,1,0,0,0,0,0,0,1,1,1,1
Marty Brem,1,1,1,1,0,1,0,1,1,0,0,0,0,0,0,1,0,1,1
Mary Christy,1,1,1,1,0,1,0,1,1,0,0,0,0,0,0,1,1,1,1
Mary Hopkin,1,1,1,1,0,1,0,1,1,0,0,0,0,0,0,1,0,1,1
Mary Roos,2,2,2,2,0,2,0,2,2,0,0,0,0,0,0,2,2,2,2
Mary Spiteri,1,1,1,1,0,1,0,1,1,0,0,0,0,0,0,1,1,1,1
Maryon,1,1,1,1,1,0,1,0,0,1,1,0,0,0,0,1,1,1,1
María Ólafsdóttir,1,1,1,1,1,0,1,0,0,1,1,0,0,0,0,1,1,1,1
Massiel,1,1,1,1,0,1,0,1,1,0,0,0,0,0,0,1,0,1,1
Massimo Ranieri,2,2,2,2,0,2,0,2,2,0,0,0,0,0,0,2,2,2,2
Mathé Altéry,1,1,1,1,0,1,0,1,0,0,0,0,0,0,0,1,1,1,1
Matia Bazar,1,1,1,1,0,1,0,1,1,0,0,0,0,0,0,1,1,1,1
Matt Monro,1,1,1,1,0,1,0,1,1,0,0,0,0,0,0,1,0,1,1
Max,1,1,1,1,0,1,0,1,1,0,0,0,0,0,0,1,0,1,1
Max Jason Mai,1,1,1,1,1,0,1,0,0,1,1,0,0,0,0,1,0,1,1
Maxi,1,1,1,1,0,1,0,1,1,0,0,0,0,0,0,1,0,1,1
Maxi and Chris Garden,1,1,1,1,0,1,0,1,1,0,0,0,0,0,0,1,1,1,1
Maxine & Franklin Brown,1,1,1,1,0,1,0,1,1,0,0,0,0,0,0,1,1,1,1
Maya Sar,1,1,1,1,1,1,1,1,1,1,1,0,0,0,0,1,0,1,1
Maywood,1,1,1,1,0,1,0,1,1,0,0,0,0,0,0,1,0,1,1
MeKaDo,1,1,1,1,0,1,0,1,1,0,0,0,0,0,0,1,1,1,1
Mei Finegold,1,1,1,1,1,0,1,0,0,1,1,0,0,0,0,1,0,1,1
Merethe Trøan,1,1,1,1,0,1,0,1,1,0,0,0,0,0,0,1,1,1,1
Mess,1,1,1,1,0,1,0,1,1,0,0,0,0,0,0,1,1,1,1
Mia Dimšić,1,1,1,1,1,0,1,0,0,1,1,0,0,1,1,1,0,1,1
Mia Martini,2,2,2,2,0,2,0,2,2,0,0,0,0,0,0,2,2,2,2
Mia Nicolai & Dion Cooper,2,2,2,1,1,0,1,0,0,1,1,0,0,0,0,2,0,2,2
Micha Marah,1,1,1,1,0,1,0,1,1,0,0,0,0,0,0,1,1,1,1
Michael Ball,1,1,1,1,0,1,0,1,1,0,0,0,0,0,0,1,0,1,1
Michael Ben David,1,1,1,1,1,0,1,0,0,1,1,0,0,1,1,1,0,1,1
Michael Hajiyanni,1,1,1,1,0,1,0,1,1,0,0,0,0,0,0,1,1,1,1
Michael Rice,1,1,1,1,0,1,0,1,1,0,0,1,1,0,0,1,0,1,1
Michael Schulte,1,1,1,1,0,1,0,1,1,0,0,1,1,0,0,1,0,1,1
Michael von der Heide,1,1,1,1,1,0,1,0,0,1,1,0,0,0,0,1,1,1,1
Michalis Rakintzis,1,1,1,1,0,1,0,1,1,0,0,0,0,0,0,1,0,1,1
Michał Szpak,1,1,1,1,1,1,1,1,1,1,1,1,1,1,1,1,1,1,1
Michela Pace,1,1,1,1,1,1,1,1,1,1,1,1,1,1,1,1,0,1,1
Michele Perniola & Anita Simoncini,1,1,1,1,1,0,1,0,0,1,1,0,0,0,0,1,1,1,1
Michelle,2,2,2,2,0,2,0,2,2,0,0,0,0,0,0,2,2,2,2
Michèle Arnaud,1,1,1,1,0,1,0,1,0,0,0,0,0,0,0,1,0,1,1
Michèle Torr,2,2,2,2,0,2,0,2,2,0,0,0,0,0,0,2,2,2,2
Mickey Harte,1,1,1,1,0,1,0,1,1,0,0,0,0,0,0,1,0,1,1
Micky,1,1,1,1,0,1,0,1,1,0,0,0,0,0,0,1,0,1,1
Mietek Szczesniak,1,1,1,1,0,1,0,1,1,0,0,0,0,0,0,1,1,1,1
Mihai Traistariu,1,1,1,1,0,1,0,1,1,0,0,0,0,0,0,1,1,1,1
Mija Martina,1,1,1,1,0,1,0,1,1,0,0,0,0,0,0,1,1,1,1
Mika Newton,1,1,1,1,1,1,1,1,1,1,1,0,0,0,0,1,1,1,1
Mike Spiteri,1,1,1,1,0,1,0,1,1,0,0,0,0,0,0,1,1,1,1
Mikel Herzog,1,1,1,1,0,1,0,1,1,0,0,0,0,0,0,1,1,1,1
Miki,1,1,1,1,0,1,0,1,1,0,0,1,1,0,0,1,0,1,1
Mikolas Josef,1,1,1,1,1,1,1,1,1,1,1,1,1,1,1,1,0,1,1
Milan Stanković,1,1,1,1,1,1,1,1,1,1,1,0,0,0,0,1,1,1,1
Milk and Honey,1,1,1,1,0,1,0,1,1,0,0,0,0,0,0,1,1,1,1
Milly Scott,1,1,1,1,0,1,0,1,1,0,0,0,0,0,0,1,1,1,1
Mimicat,2,2,2,1,1,1,1,1,1,1,1,1,1,0,0,2,2,2,2
Minouche Barelli,1,1,1,1,0,1,0,1,1,0,0,0,0,0,0,1,0,1,1
Minus One,1,1,1,1,1,1,1,1,1,1,1,1,1,1,1,1,0,1,1
Miodio,1,1,1,1,1,0,1,0,0,1,1,0,0,0,0,1,1,1,1
Miriam Christine,1,1,1,1,0,1,0,1,1,0,0,0,0,0,0,1,1,1,1
Miro,1,1,1,1,1,0,1,0,0,1,1,0,0,0,0,1,1,1,1
Mocedades,1,1,1,1,0,1,0,1,1,0,0,0,0,0,0,1,0,1,1
Modern Folk Trio and Aysegül,1,1,1,1,0,1,0,1,1,0,0,0,0,0,0,1,0,1,1
Modern Times,1,1,1,1,0,1,0,1,1,0,0,0,0,0,0,1,0,1,1
Moira Stafrace and Christopher Scicluna,1,1,1,1,0,1,0,1,1,0,0,0,0,0,0,1,1,1,1
Moje 3,1,1,1,1,1,0,1,0,0,1,1,0,0,0,0,1,1,1,1
Molly,1,1,1,1,0,1,0,1,1,0,0,0,0,0,0,1,0,1,1
Molly Sterling,1,1,1,1,1,0,1,0,0,1,1,0,0,0,0,1,1,1,1
Monica Anghel & Marcel Pavel,1,1,1,1,0,1,0,1,1,0,0,0,0,0,0,1,1,1,1
Monica Aspelund,1,1,1,1,0,1,0,1,1,0,0,0,0,0,0,1,1,1,1
Monica Zetterlund,1,1,1,1,0,1,0,1,1,0,0,0,0,0,0,1,1,1,1
Monika & Vaidas,1,1,1,1,1,1,1,1,1,1,1,0,0,0,0,1,1,1,1
Monika Kuszyńska,1,1,1,1,1,1,1,1,1,1,1,0,0,0,0,1,1,1,1
Monika Linkytė,1,1,1,1,0,1,0,1,1,0,0,1,1,0,0,1,0,1,1
Monika Liu,1,1,1,1,1,1,1,1,1,1,1,1,1,1,1,1,0,1,1
Monique Melsen,1,1,1,1,0,1,0,1,1,0,0,0,0,0,0,1,1,1,1
Montaigne,2,2,2,1,2,0,1,0,0,1,1,0,0,1,1,0,0,1,1
Mony Marc,1,1,1,1,0,1,0,1,0,0,0,0,0,0,0,1,1,1,1
Mor ve Ötesi,1,1,1,1,1,1,1,1,1,1,1,0,0,0,0,1,0,1,1
Moran Mazor,1,1,1,1,1,0,1,0,0,1,1,0,0,0,0,1,1,1,1
Morena,1,1,1,1,1,0,1,0,0,1,1,0,0,0,0,1,1,1,1
Morgane,1,1,1,1,0,1,0,1,1,0,0,0,0,0,0,1,1,1,1
Moti Galadi and Sarai Tzuriel,1,1,1,1,0,1,0,1,1,0,0,0,0,0,0,1,1,1,1
Mouth and MacNeal,1,1,1,1,0,1,0,1,1,0,0,0,0,0,0,1,1,1,1
Mrs. Einstein,1,1,1,1,0,1,0,1,1,0,0,0,0,0,0,1,0,1,1
Mumiy troll,1,1,1,1,0,1,0,1,1,0,0,0,0,0,0,1,0,1,1
Muriel Day and the Lindsays,1,1,1,1,0,1,0,1,1,0,0,0,0,0,0,1,0,1,1
Musiqq,1,1,1,1,1,0,1,0,0,1,1,0,0,0,0,1,0,1,1
Måneskin,1,1,1,1,0,1,0,1,1,0,0,1,1,0,0,1,0,1,1
Måns Zelmerlöw,1,1,1,1,1,1,1,1,1,1,1,0,0,0,0,1,0,1,1
Mélanie Cohl,1,1,1,1,0,1,0,1,1,0,0,0,0,0,0,1,0,1,1
Mélanie René,1,1,1,1,1,0,1,0,0,1,1,0,0,0,0,1,0,1,1
Mélovin,1,1,1,1,1,1,1,1,1,1,1,1,1,1,1,1,1,1,1
Mørland & Debrah Scarlett,1,1,1,1,1,1,1,1,1,1,1,0,0,0,0,1,0,1,1
Münchener Freiheit,1,1,1,1,0,1,0,1,1,0,0,0,0,0,0,1,0,1,1
NASH,1,1,1,1,0,1,0,1,1,0,0,0,0,0,0,1,1,1,1
NOX,1,1,1,1,1,1,1,1,1,1,1,0,0,0,0,1,1,1,1
Nadav Guedj,1,1,1,1,1,1,1,1,1,1,1,0,0,0,0,1,0,1,1
Nadine Beiler,1,1,1,1,1,1,1,1,1,1,1,0,0,0,0,1,1,1,1
Nadir Rustamli,1,1,1,1,1,1,1,1,1,1,1,1,1,1,1,0,0,0,0
Nana Mouskouri,1,1,1,1,0,1,0,1,1,0,0,0,0,0,0,1,1,1,1
Natalia Barbu,1,1,1,1,1,1,1,1,1,1,1,0,0,0,0,1,1,1,1
Natalia Gordienko,2,2,2,1,2,1,1,1,1,1,1,1,1,1,1,1,1,2,2
Natalia Podolskaya,1,1,1,1,0,1,0,1,1,0,0,0,0,0,0,1,1,1,1
Natasha Saint-Pier,1,1,1,1,0,1,0,1,1,0,0,0,0,0,0,1,1,1,1
Nathalie Pâque,1,1,1,1,0,1,0,1,1,0,0,0,0,0,0,1,1,1,1
Nathalie Santamaria,1,1,1,1,0,1,0,1,1,0,0,0,0,0,0,1,1,1,1
Nathalie Sorce,1,1,1,1,0,1,0,1,1,0,0,0,0,0,0,1,0,1,1
Nathan Trent,1,1,1,1,1,1,1,1,1,1,1,1,1,1,1,1,0,1,1
Natália Kelly,1,1,1,1,1,0,1,0,0,1,1,0,0,0,0,1,1,1,1
Naviband,1,1,1,1,1,1,1,1,1,1,1,1,1,1,1,1,0,1,1
Nayah,1,1,1,1,0,1,0,1,1,0,0,0,0,0,0,1,1,1,1
Nazar,1,1,1,1,0,1,0,1,1,0,0,0,0,0,0,1,1,1,1
Neiokõsõ,1,1,1,1,1,0,1,0,0,1,1,0,0,0,0,1,1,1,1
Nelly Ciobanu,1,1,1,1,1,1,1,1,1,1,1,0,0,0,0,1,1,1,1
Netta Barzilai,1,1,1,1,1,1,1,1,1,1,1,1,1,1,1,1,1,1,1
Nevada,1,1,1,1,0,1,0,1,1,0,0,0,0,0,0,1,1,1,1
Nevena Božović,1,1,1,1,1,1,1,1,1,1,1,1,1,1,1,1,0,1,1
Next Time,1,1,1,1,1,0,1,0,0,1,1,0,0,0,0,1,1,1,1
Neço,1,1,1,1,0,1,0,1,1,0,0,0,0,0,0,1,1,1,1
Niamh Kavanagh,2,2,2,2,1,2,1,2,2,1,1,0,0,0,0,2,0,2,2
Nicki French,1,1,1,1,0,1,0,1,1,0,0,0,0,0,0,1,0,1,1
Nicky Byrne,1,1,1,1,1,0,1,0,0,1,1,0,0,1,1,1,1,1,1
Nico & Vlad,1,1,1,1,1,1,1,1,1,1,1,0,0,0,0,1,1,1,1
Nicola,1,1,1,1,0,1,0,1,1,0,0,0,0,0,0,1,1,1,1
Nicola di Bari,1,1,1,1,0,1,0,1,1,0,0,0,0,0,0,1,1,1,1
Nicole,1,1,1,1,0,1,0,1,1,0,0,0,0,0,0,1,1,1,1
Nicole Rieu,1,1,1,1,0,1,0,1,1,0,0,0,0,0,0,1,0,1,1
Nicole and Hugo,1,1,1,1,0,1,0,1,1,0,0,0,0,0,0,1,1,1,1
Nika Kocharov & Young Georgian Lolitaz,1,1,1,1,1,1,1,1,1,1,1,1,1,1,1,1,1,1,1
Nina,2,2,2,2,1,2,1,2,2,1,1,0,0,0,0,2,0,2,2
Nina Badrić,1,1,1,1,1,0,1,0,0,1,1,0,0,0,0,1,0,1,1
Nina Kraljić,1,1,1,1,1,1,1,1,1,1,1,1,1,1,1,1,0,1,1
Nina Morato,1,1,1,1,0,1,0,1,1,0,0,0,0,0,0,1,1,1,1
Nina Sublatti,1,1,1,1,1,1,1,1,1,1,1,0,0,0,0,1,1,1,1
Nina Zilli,1,1,1,1,0,1,0,1,1,0,0,0,0,0,0,1,0,1,1
Nina Åström,1,1,1,1,0,1,0,1,1,0,0,0,0,0,0,1,1,1,1
Nino,1,1,1,1,0,1,0,1,1,0,0,0,0,0,0,1,0,1,1
Nino de Angelo,1,1,1,1,0,1,0,1,1,0,0,0,0,0,0,1,1,1,1
No Angels,1,1,1,1,0,1,0,1,1,0,0,0,0,0,0,1,0,1,1
No Name,1,1,1,1,0,1,0,1,1,0,0,0,0,0,0,1,1,1,1
Noa & Mira Awad,1,1,1,1,1,1,1,1,1,1,1,0,0,0,0,1,0,1,1
Noa Kirel,2,2,2,1,1,1,1,1,1,1,1,1,1,0,0,2,0,2,2
Nodi Tatishvili & Sophie Gelovani,1,1,1,1,1,1,1,1,1,1,1,0,0,0,0,1,0,1,1
Nonstop,1,1,1,1,1,0,1,0,0,1,1,0,0,0,0,1,0,1,1
Nora Brockstedt,2,2,2,2,0,2,0,2,2,0,0,0,0,0,0,2,1,2,2
Nora Nova,1,1,1,1,0,1,0,1,1,0,0,0,0,0,0,1,1,1,1
Norma John,1,1,1,1,1,0,1,0,0,1,1,0,0,1,1,1,0,1,1
Novi Fosili,1,1,1,1,0,1,0,1,1,0,0,0,0,0,0,1,1,1,1
Noëlle Cordier,1,1,1,1,0,1,0,1,1,0,0,0,0,0,0,1,1,1,1
Nucha,1,1,1,1,0,1,0,1,1,0,0,0,0,0,0,1,1,1,1
Nuno Resende,1,1,1,1,1,0,1,0,0,1,1,0,0,0,0,1,0,1,1
Nunzio Gallo,1,1,1,1,0,1,0,1,1,0,0,0,0,0,0,1,1,1,1
Nua Derenda,1,1,1,1,0,1,0,1,1,0,0,0,0,0,0,1,1,1,1
O.Torvald,1,1,1,1,0,1,0,1,1,0,0,1,1,0,0,1,1,1,1
OG3NE,1,1,1,1,1,1,1,1,1,1,1,1,1,1,1,1,1,1,1
Ochman,1,1,1,1,1,1,1,1,1,1,1,1,1,1,1,1,1,1,1
Odd Børre,1,1,1,1,0,1,0,1,1,0,0,0,0,0,0,1,1,1,1
Ofra Haza,1,1,1,1,0,1,0,1,1,0,0,0,0,0,0,1,1,1,1
Olexandr,1,1,1,1,0,1,0,1,1,0,0,0,0,0,0,1,1,1,1
Olivia Lewis,1,1,1,1,1,0,1,0,0,1,1,0,0,0,0,1,1,1,1
Olivia Newton-John,1,1,1,1,0,1,0,1,1,0,0,0,0,0,0,1,0,1,1
Olsen brothers,1,1,1,1,0,1,0,1,1,0,0,0,0,0,0,1,0,1,1
Olta Boka,1,1,1,1,1,1,1,1,1,1,1,0,0,0,0,1,1,1,1
Omar Naber,2,2,2,2,2,0,2,0,0,2,2,0,0,1,1,2,1,2,2
One,1,1,1,1,0,1,0,1,1,0,0,0,0,0,0,1,0,1,1
One More Time,1,1,1,1,0,1,0,1,1,0,0,0,0,0,0,1,1,1,1
Ortal,1,1,1,1,0,1,0,1,1,0,0,0,0,0,0,1,0,1,1
Os Amigos,1,1,1,1,0,1,0,1,1,0,0,0,0,0,0,1,1,1,1
Oto Nemsadze,1,1,1,1,1,0,1,0,0,1,1,0,0,1,1,1,1,1,1
Ott Lepland,1,1,1,1,1,1,1,1,1,1,1,0,0,0,0,1,0,1,1
Ovidijus Vyšniauskas,1,1,1,1,0,1,0,1,1,0,0,0,0,0,0,1,1,1,1
Paloma San Basilio,1,1,1,1,0,1,0,1,1,0,0,0,0,0,0,1,0,1,1
Pan,1,1,1,1,0,1,0,1,1,0,0,0,0,0,0,1,0,1,1
Paola,1,1,1,1,0,1,0,1,1,0,0,0,0,0,0,1,1,1,1
Paola del Medico,1,1,1,1,0,1,0,1,1,0,0,0,0,0,0,1,1,1,1
Paolo Meneguzzi,1,1,1,1,1,0,1,0,0,1,1,0,0,0,0,1,1,1,1
Paradise Oskar,1,1,1,1,1,1,1,1,1,1,1,0,0,0,0,1,0,1,1
Park Café,1,1,1,1,0,1,0,1,1,0,0,0,0,0,0,1,1,1,1
Pas de Deux,1,1,1,1,0,1,0,1,1,0,0,0,0,0,0,1,1,1,1
"Pascalis, Marianna, Robert and Bessy",1,1,1,1,0,1,0,1,1,0,0,0,0,0,0,1,1,1,1
Pasha Parfeni,2,2,2,1,1,1,1,1,1,1,1,1,1,0,0,2,2,2,2
Pasha Parfeny,1,1,1,1,1,1,1,1,1,1,1,0,0,0,0,1,1,1,1
Pastora Soler,1,1,1,1,0,1,0,1,1,0,0,0,0,0,0,1,1,1,1
Pat McGeegan,1,1,1,1,0,1,0,1,1,0,0,0,0,0,0,1,0,1,1
Patricia Bredin,1,1,1,1,0,1,0,1,1,0,0,0,0,0,0,1,1,1,1
Patricia Kaas,1,1,1,1,0,1,0,1,1,0,0,0,0,0,0,1,1,1,1
Patricia Kraus,1,1,1,1,0,1,0,1,1,0,0,0,0,0,0,1,1,1,1
Patricia and Hearts of Soul,1,1,1,1,0,1,0,1,1,0,0,0,0,0,0,1,0,1,1
Patrick Fiori,1,1,1,1,0,1,0,1,1,0,0,0,0,0,0,1,0,1,1
Patrick Juvet,1,1,1,1,0,1,0,1,1,0,0,0,0,0,0,1,1,1,1
Paul Giordimaina and Georgina,1,1,1,1,0,1,0,1,1,0,0,0,0,0,0,1,1,1,1
Paul Harrington & Charlie McGettigan,1,1,1,1,0,1,0,1,1,0,0,0,0,0,0,1,0,1,1
Paul Oscar,1,1,1,1,0,1,0,1,1,0,0,0,0,0,0,1,1,1,1
Paula Seling & OVI,1,1,1,1,1,1,1,1,1,1,1,0,0,0,0,1,0,1,1
Paula Seling & Ovi,1,1,1,1,1,1,1,1,1,1,1,0,0,0,0,1,0,1,1
Paule Desjardins,1,1,1,1,0,1,0,1,1,0,0,0,0,0,0,1,1,1,1
Paulo de Carvalho,1,1,1,1,0,1,0,1,1,0,0,0,0,0,0,1,1,1,1
Pave,1,1,1,1,0,1,0,1,1,0,0,0,0,0,0,1,1,1,1
PeR,1,1,1,1,1,0,1,0,0,1,1,0,0,0,0,1,1,1,1
Pearl Carr & Teddy Johnson,1,1,1,1,0,1,0,1,1,0,0,0,0,0,0,1,1,1,1
Pepe Lienhard Band,1,1,1,1,0,1,0,1,1,0,0,0,0,0,0,1,0,1,1
Pepel In Kri,1,1,1,1,0,1,0,1,1,0,0,0,0,0,0,1,1,1,1
Peppino di Capri,1,1,1,1,0,1,0,1,1,0,0,0,0,0,0,1,1,1,1
Peret,1,1,1,1,0,1,0,1,1,0,0,0,0,0,0,1,0,1,1
Pernilla,1,1,1,1,1,0,1,0,0,1,1,0,0,0,0,1,0,1,1
Pertti Kurikan Nimipäivät,1,1,1,1,1,0,1,0,0,1,1,0,0,0,0,1,0,1,1
Peter Horten,1,1,1,1,0,1,0,1,1,0,0,0,0,0,0,1,1,1,1
Peter Nalitch & Friends,1,1,1,1,1,1,1,1,1,1,1,0,0,0,0,1,0,1,1
"Peter, Sue and Marc",3,3,3,3,0,3,0,3,3,0,0,0,0,0,0,3,2,3,3
"Peter, Sue and Marc and Pfuri, Gorps and Kniri",1,1,1,1,0,1,0,1,1,0,0,0,0,0,0,1,0,1,1
Petr Elfimov,1,1,1,1,1,0,1,0,0,1,1,0,0,0,0,1,1,1,1
Petra Frey,1,1,1,1,0,1,0,1,1,0,0,0,0,0,0,1,1,1,1
Philipp Kirkorov,1,1,1,1,0,1,0,1,1,0,0,0,0,0,0,1,1,1,1
Philippe Lafontaine,1,1,1,1,0,1,0,1,1,0,0,0,0,0,0,1,0,1,1
Piasek,1,1,1,1,0,1,0,1,1,0,0,0,0,0,0,1,1,1,1
Piera Martell,1,1,1,1,0,1,0,1,1,0,0,0,0,0,0,1,0,1,1
Piero Esteriore & the MusicStars,1,1,1,1,1,0,1,0,0,1,1,0,0,0,0,1,0,1,1
Pierre Rapsat,1,1,1,1,0,1,0,1,1,0,0,0,0,0,0,1,1,1,1
Pihasoittajat,1,1,1,1,0,1,0,1,1,0,0,0,0,0,0,1,1,1,1
Pinar Ayhan & S.O.S. band,1,1,1,1,0,1,0,1,1,0,0,0,0,0,0,1,1,1,1
Ping Pong,1,1,1,1,0,1,0,1,1,0,0,0,0,0,0,1,0,1,1
Piqued Jacks,1,1,1,1,0,0,0,0,0,0,0,0,0,0,0,1,0,1,1
Pirates Of The Sea,1,1,1,1,1,1,1,1,1,1,1,0,0,0,0,1,1,1,1
Plastic Bertrand,1,1,1,1,0,1,0,1,1,0,0,0,0,0,0,1,0,1,1
Platin,1,1,1,1,1,0,1,0,0,1,1,0,0,0,0,1,1,1,1
Poli Genova,2,2,2,2,2,1,2,1,1,2,2,1,1,1,1,2,1,2,2
Polina Gagarina,1,1,1,1,1,1,1,1,1,1,1,0,0,0,0,1,0,1,1
Polina Smolova,1,1,1,1,1,0,1,0,0,1,1,0,0,0,0,1,1,1,1
Pollapönk,1,1,1,1,1,1,1,1,1,1,1,0,0,0,0,1,1,1,1
Precious,1,1,1,1,0,1,0,1,1,0,0,0,0,0,0,1,0,1,1
Prima Donna,1,1,1,1,0,1,0,1,1,0,0,0,0,0,0,1,0,1,1
Prime minister,1,1,1,1,0,1,0,1,1,0,0,0,0,0,0,1,1,1,1
Profil,1,1,1,1,0,1,0,1,1,0,0,0,0,0,0,1,1,1,1
Put,1,1,1,1,0,1,0,1,1,0,0,0,0,0,0,1,1,1,1
Päivi Paunu and Kim Floor,1,1,1,1,0,1,0,1,1,0,0,0,0,0,0,1,1,1,1
Pænda,1,1,1,1,1,0,1,0,0,1,1,0,0,1,1,1,0,1,1
Quartissimo feat. Martina,1,1,1,1,1,0,1,0,0,1,1,0,0,0,0,1,1,1,1
Rachel,1,1,1,1,0,1,0,1,1,0,0,0,0,0,0,1,1,1,1
Rafał,1,1,1,1,1,0,1,0,0,1,1,0,0,1,1,0,0,0,0
Rainy Day,1,1,1,1,0,1,0,1,1,0,0,0,0,0,0,1,0,1,1
Rambo Amadeus,1,1,1,1,1,0,1,0,0,1,1,0,0,0,0,1,1,1,1
Ramón,1,1,1,1,0,1,0,1,1,0,0,0,0,0,0,1,0,1,1
Raphael,2,2,2,2,0,2,0,2,2,0,0,0,0,0,0,2,0,2,2
Raphael Gualazzi,1,1,1,1,0,1,0,1,1,0,0,0,0,0,0,1,0,1,1
Raquel Rastenni,1,1,1,1,0,1,0,1,1,0,0,0,0,0,0,1,0,1,1
Rasmussen,1,1,1,1,1,1,1,1,1,1,1,1,1,1,1,1,0,1,1
Re-union,1,1,1,1,1,1,1,1,1,1,1,0,0,0,0,1,1,1,1
Rebeka Dremelj,1,1,1,1,1,0,1,0,0,1,1,0,0,0,0,1,1,1,1
Red Hurley,1,1,1,1,0,1,0,1,1,0,0,0,0,0,0,1,0,1,1
Reddi,1,1,1,1,1,0,1,0,0,1,1,0,0,1,1,1,1,1,1
Regina,2,2,2,2,1,2,1,2,2,1,1,0,0,0,0,2,0,2,2
Reiley,1,1,1,1,0,0,0,0,0,0,0,0,0,0,0,1,0,1,1
Remedios Amaya,1,1,1,1,0,1,0,1,1,0,0,0,0,0,0,1,1,1,1
Remo Forrer,2,2,2,1,1,1,1,1,1,1,1,1,1,0,0,2,0,2,2
Renato,1,1,1,1,0,1,0,1,1,0,0,0,0,0,0,1,1,1,1
Renato Rascel,1,1,1,1,0,1,0,1,1,0,0,0,0,0,0,1,1,1,1
Reynaert,1,1,1,1,0,1,0,1,1,0,0,0,0,0,0,1,1,1,1
Riccardo Fogli,1,1,1,1,0,1,0,1,1,0,0,0,0,0,0,1,1,1,1
Ricchi e Poveri,1,1,1,1,0,1,0,1,1,0,0,0,0,0,0,1,1,1,1
Riki Sorsa,1,1,1,1,0,1,0,1,1,0,0,0,0,0,0,1,1,1,1
Rikki,1,1,1,1,0,1,0,1,1,0,0,0,0,0,0,1,0,1,1
Rita,1,1,1,1,0,1,0,1,1,0,0,0,0,0,0,1,1,1,1
Rita Guerra,1,1,1,1,0,1,0,1,1,0,0,0,0,0,0,1,0,1,1
Riva,1,1,1,1,0,1,0,1,1,0,0,0,0,0,0,1,1,1,1
Robert Cogoi,1,1,1,1,0,1,0,1,1,0,0,0,0,0,0,1,0,1,1
Roberto Bellarosa,1,1,1,1,1,1,1,1,1,1,1,0,0,0,0,1,0,1,1
Robin Bengtsson,1,1,1,1,1,1,1,1,1,1,1,1,1,1,1,1,0,1,1
Robin Stjernberg,1,1,1,1,0,1,0,1,1,0,0,0,0,0,0,1,0,1,1
Rodolfo Chikilicuatre,1,1,1,1,0,1,0,1,1,0,0,0,0,0,0,1,0,1,1
Roger Bens,1,1,1,1,0,1,0,1,1,0,0,0,0,0,0,1,0,1,1
Roger Cicero,1,1,1,1,0,1,0,1,1,0,0,0,0,0,0,1,1,1,1
Roger Pontare,1,1,1,1,0,1,0,1,1,0,0,0,0,0,0,1,0,1,1
Roko,1,1,1,1,1,0,1,0,0,1,1,0,0,1,1,1,1,1,1
Rollo & King,1,1,1,1,0,1,0,1,1,0,0,0,0,0,0,1,1,1,1
Roman Lob,1,1,1,1,0,1,0,1,1,0,0,0,0,0,0,1,0,1,1
Romina and Al Bano,1,1,1,1,0,1,0,1,1,0,0,0,0,0,0,1,1,1,1
Romuald,3,3,3,3,0,3,0,3,3,0,0,0,0,0,0,3,3,3,3
Rona Nishliu,1,1,1,1,1,1,1,1,1,1,1,0,0,0,0,1,1,1,1
Ronela Hajati,1,1,1,1,1,0,1,0,0,1,1,0,0,1,1,0,0,0,0
Ronnie Carroll,2,2,2,2,0,2,0,2,2,0,0,0,0,0,0,2,2,2,2
Ronnie Tober,1,1,1,1,0,1,0,1,1,0,0,0,0,0,0,1,1,1,1
Rosa,1,1,1,1,0,1,0,1,1,0,0,0,0,0,0,1,1,1,1
Rosa Linn,1,1,1,1,1,1,1,1,1,1,1,1,1,1,1,1,1,1,1
Roxen,2,2,2,1,2,0,1,0,0,1,1,0,0,1,1,1,0,2,2
Rudi Carrell,1,1,1,1,0,1,0,1,1,0,0,0,0,0,0,1,1,1,1
Ruffus,1,1,1,1,0,1,0,1,1,0,0,0,0,0,0,1,0,1,1
Rui Bandeira,1,1,1,1,0,1,0,1,1,0,0,0,0,0,0,1,1,1,1
Ruslan Alehno,1,1,1,1,1,0,1,0,0,1,1,0,0,0,0,1,1,1,1
Ruslana,1,1,1,1,1,1,1,1,1,1,1,0,0,0,0,1,1,1,1
Ruth Jacott,1,1,1,1,0,1,0,1,1,0,0,0,0,0,0,1,1,1,1
Ruth Lorenzo,1,1,1,1,0,1,0,1,1,0,0,0,0,0,0,1,0,1,1
Ryan Dolan,1,1,1,1,1,1,1,1,1,1,1,0,0,0,0,1,0,1,1
Ryan O'Shaughnessy,1,1,1,1,1,1,1,1,1,1,1,1,1,1,1,1,0,1,1
Ryder,1,1,1,1,0,1,0,1,1,0,0,0,0,0,0,1,1,1,1
Rykka,1,1,1,1,1,0,1,0,0,1,1,0,0,1,1,1,0,1,1
S!sters,1,1,1,1,0,1,0,1,1,0,0,1,1,0,0,1,0,1,1
S10,1,1,1,1,1,1,1,1,1,1,1,1,1,1,1,1,0,1,1
Saara Aalto,1,1,1,1,1,1,1,1,1,1,1,1,1,1,1,1,0,1,1
Sabahudin Kurt,1,1,1,1,0,1,0,1,1,0,0,0,0,0,0,1,1,1,1
Sabina Babayeva,1,1,1,1,0,1,0,1,1,0,0,0,0,0,0,1,0,1,1
Sabrina,1,1,1,1,1,0,1,0,0,1,1,0,0,0,0,1,1,1,1
Safura,1,1,1,1,1,1,1,1,1,1,1,0,0,0,0,1,1,1,1
Sahléne,1,1,1,1,0,1,0,1,1,0,0,0,0,0,0,1,1,1,1
Sakis Rouvas,2,2,2,2,2,2,2,2,2,2,2,0,0,0,0,2,2,2,2
Salomé,1,1,1,1,0,1,0,1,1,0,0,0,0,0,0,1,1,1,1
Salvador Sobral,1,1,1,1,1,1,1,1,1,1,1,1,1,1,1,1,0,1,1
Sam Ryder,1,1,1,1,0,1,0,1,1,0,0,1,1,0,0,1,0,1,1
Samanta Tīna,2,2,2,1,2,0,1,0,0,1,1,0,0,1,1,1,0,2,2
Samantha Janus,1,1,1,1,0,1,0,1,1,0,0,0,0,0,0,1,0,1,1
Samira Bensaïd,1,1,1,1,0,1,0,1,1,0,0,0,0,0,0,1,1,1,1
Samira Efendi,1,1,1,0,1,0,0,0,0,0,0,0,0,0,0,0,0,1,1
Samra,1,1,1,1,1,1,1,1,1,1,1,1,1,1,1,1,0,1,1
Sanda Ladosi,1,1,1,1,0,1,0,1,1,0,0,0,0,0,0,1,1,1,1
Sandhja,1,1,1,1,1,0,1,0,0,1,1,0,0,1,1,1,1,1,1
Sandie Jones,1,1,1,1,0,1,0,1,1,0,0,0,0,0,0,1,1,1,1
Sandie Shaw,1,1,1,1,0,1,0,1,1,0,0,0,0,0,0,1,0,1,1
Sandra,1,1,1,1,1,0,1,0,0,1,1,0,0,0,0,1,1,1,1
Sandra Kim,1,1,1,1,0,1,0,1,1,0,0,0,0,0,0,1,1,1,1
Sandra Reemer,1,1,1,1,0,1,0,1,1,0,0,0,0,0,0,1,0,1,1
Sandra Simò,1,1,1,1,0,1,0,1,1,0,0,0,0,0,0,1,0,1,1
Sandra and Andres,1,1,1,1,0,1,0,1,1,0,0,0,0,0,0,1,1,1,1
Sandrine François,1,1,1,1,0,1,0,1,1,0,0,0,0,0,0,1,1,1,1
Sandro Nicolas,1,1,1,0,1,0,0,0,0,0,0,0,0,0,0,0,0,1,1
Sanja Ilić & Balkanika,1,1,1,1,1,1,1,1,1,1,1,1,1,1,1,1,1,1,1
Sanja Vučić ZAA,1,1,1,1,1,1,1,1,1,1,1,1,1,1,1,1,0,1,1
Sanna Nielsen,1,1,1,1,1,1,1,1,1,1,1,0,0,0,0,1,0,1,1
Sara Tavares,1,1,1,1,0,1,0,1,1,0,0,0,0,0,0,1,1,1,1
Sarah Bray,1,1,1,1,0,1,0,1,1,0,0,0,0,0,0,1,1,1,1
Sarah McTernan,1,1,1,1,1,0,1,0,0,1,1,0,0,1,1,1,0,1,1
Sarbel,1,1,1,1,0,1,0,1,1,0,0,0,0,0,0,1,1,1,1
Sarit Hadad,1,1,1,1,0,1,0,1,1,0,0,0,0,0,0,1,1,1,1
Sasha Son,1,1,1,1,1,1,1,1,1,1,1,0,0,0,0,1,0,1,1
Saskia and Serge,1,1,1,1,0,1,0,1,1,0,0,0,0,0,0,1,1,1,1
Schmetterlinge,1,1,1,1,0,1,0,1,1,0,0,0,0,0,0,1,1,1,1
Scooch,1,1,1,1,0,1,0,1,1,0,0,0,0,0,0,1,0,1,1
Scott Fitzgerald,1,1,1,1,0,1,0,1,1,0,0,0,0,0,0,1,0,1,1
Sean Dunphy,1,1,1,1,0,1,0,1,1,0,0,0,0,0,0,1,1,1,1
Sebalter,1,1,1,1,1,1,1,1,1,1,1,0,0,0,0,1,0,1,1
Sebnem Paker and Group Etnic,1,1,1,1,0,1,0,1,1,0,0,0,0,0,0,1,1,1,1
Secret Garden,1,1,1,1,0,1,0,1,1,0,0,0,0,0,0,1,1,1,1
Sedat Yüce,1,1,1,1,0,1,0,1,1,0,0,0,0,0,0,1,1,1,1
Seid-Memic Vajta,1,1,1,1,0,1,0,1,1,0,0,0,0,0,0,1,0,1,1
Seija Simola,1,1,1,1,0,1,0,1,1,0,0,0,0,0,0,1,1,1,1
Selma,1,1,1,1,1,0,1,0,0,1,1,0,0,0,0,1,1,1,1
Selma Björnsdóttir,1,1,1,1,0,1,0,1,1,0,0,0,0,0,0,1,1,1,1
Semiha Yanki,1,1,1,1,0,1,0,1,1,0,0,0,0,0,0,1,1,1,1
Senhit,1,1,1,0,1,0,0,0,0,0,0,0,0,0,0,0,0,1,1
Senhit feat. Flo Rida,1,1,1,1,1,1,1,1,1,1,1,1,1,1,1,1,0,1,1
Senit,1,1,1,1,1,0,1,0,0,1,1,0,0,0,0,1,0,1,1
Sennek,1,1,1,1,1,0,1,0,0,1,1,0,0,1,1,1,0,1,1
Serafin,1,1,1,1,0,1,0,1,1,0,0,0,0,0,0,1,1,1,1
Serafín Zubiri,1,1,1,1,0,1,0,1,1,0,0,0,0,0,0,1,0,1,1
Serebro,1,1,1,1,0,1,0,1,1,0,0,0,0,0,0,1,1,1,1
Serge Lama,1,1,1,1,0,1,0,1,1,0,0,0,0,0,0,1,1,1,1
Serge and Christine Ghisoland,1,1,1,1,0,1,0,1,1,0,0,0,0,0,0,1,1,1,1
Sergej Ćetković,1,1,1,1,1,1,1,1,1,1,1,0,0,0,0,1,1,1,1
Sergey Lazarev,2,2,2,2,2,2,2,2,2,2,2,2,2,2,2,2,2,2,2
Sergio & Estíbaliz,1,1,1,1,0,1,0,1,1,0,0,0,0,0,0,1,0,1,1
Sergio & the Ladies,1,1,1,1,0,1,0,1,1,0,0,0,0,0,0,1,1,1,1
Sergio Dalma,1,1,1,1,0,1,0,1,1,0,0,0,0,0,0,1,1,1,1
Sergio Endrigo,1,1,1,1,0,1,0,1,1,0,0,0,0,0,0,1,0,1,1
Serhat,2,2,2,2,2,1,2,1,1,2,2,1,1,2,2,2,2,2,2
Sertab Erener,1,1,1,1,0,1,0,1,1,0,0,0,0,0,0,1,1,1,1
Sestre,1,1,1,1,0,1,0,1,1,0,0,0,0,0,0,1,1,1,1
Sevak Khanagyan,1,1,1,1,1,0,1,0,0,1,1,0,0,1,1,1,1,1,1
Severina,1,1,1,1,0,1,0,1,1,0,0,0,0,0,0,1,1,1,1
Seyyal Tanner & Lokomotif,1,1,1,1,0,1,0,1,1,0,0,0,0,0,0,1,0,1,1
Sheeba,1,1,1,1,0,1,0,1,1,0,0,0,0,0,0,1,1,1,1
Sheldon Riley,1,1,1,1,1,1,1,1,1,1,1,1,1,1,1,0,0,0,0
Sherisse Laurence,1,1,1,1,0,1,0,1,1,0,0,0,0,0,0,1,1,1,1
Shiri Maymon,1,1,1,1,1,1,1,1,1,1,1,0,0,0,0,1,1,1,1
Shlomo Artzi,1,1,1,1,0,1,0,1,1,0,0,0,0,0,0,1,1,1,1
Sibel Tüzün,1,1,1,1,1,1,1,1,1,1,1,0,0,0,0,1,0,1,1
Sidsel Ben Semmane,1,1,1,1,0,1,0,1,1,0,0,0,0,0,0,1,0,1,1
Sieneke,1,1,1,1,1,0,1,0,0,1,1,0,0,0,0,1,0,1,1
Sigga,1,1,1,1,0,1,0,1,1,0,0,0,0,0,0,1,1,1,1
Silje Vige,1,1,1,1,0,1,0,1,1,0,0,0,0,0,0,1,0,1,1
Silver Convention,1,1,1,1,0,1,0,1,1,0,0,0,0,0,0,1,1,1,1
Silvi Vrait,1,1,1,1,0,1,0,1,1,0,0,0,0,0,0,1,1,1,1
Silvia Night,1,1,1,1,1,0,1,0,0,1,1,0,0,0,0,1,1,1,1
Simon Mathew,1,1,1,1,1,1,1,1,1,1,1,0,0,0,0,1,0,1,1
Simone,1,1,1,1,0,1,0,1,1,0,0,0,0,0,0,1,1,1,1
Simone Drexel,1,1,1,1,0,1,0,1,1,0,0,0,0,0,0,1,0,1,1
Simone de Oliveira,1,1,1,1,0,1,0,1,1,0,0,0,0,0,0,1,1,1,1
Simone de Oliviera,1,1,1,1,0,1,0,1,1,0,0,0,0,0,0,1,1,1,1
Sinplus,1,1,1,1,1,0,1,0,0,1,1,0,0,0,0,1,0,1,1
Sinéad Mulvey & Black Daisy,1,1,1,1,1,0,1,0,0,1,1,0,0,0,0,1,0,1,1
Sirusho,1,1,1,1,1,1,1,1,1,1,1,0,0,0,0,1,1,1,1
Siw Malmkvist,2,2,2,2,0,2,0,2,2,0,0,0,0,0,0,2,1,2,2
Six4One,1,1,1,1,0,1,0,1,1,0,0,0,0,0,0,1,1,1,1
Sixteen,1,1,1,1,0,1,0,1,1,0,0,0,0,0,0,1,1,1,1
Sjonni's Friends,1,1,1,1,1,1,1,1,1,1,1,0,0,0,0,1,1,1,1
Skamp,1,1,1,1,0,1,0,1,1,0,0,0,0,0,0,1,1,1,1
Slavko Kalezić,1,1,1,1,1,0,1,0,0,1,1,0,0,1,1,1,1,1,1
Sofi Marinova,1,1,1,1,1,0,1,0,0,1,1,0,0,0,0,1,1,1,1
Sofia,1,1,1,1,1,0,1,0,0,1,1,0,0,0,0,1,0,1,1
Sofia Mestari,1,1,1,1,0,1,0,1,1,0,0,0,0,0,0,1,0,1,1
Sofia Nizharadze,1,1,1,1,1,1,1,1,1,1,1,0,0,0,0,1,0,1,1
Sofia Vossou,1,1,1,1,0,1,0,1,1,0,0,0,0,0,0,1,0,1,1
Softengine,1,1,1,1,1,1,1,1,1,1,1,0,0,0,0,1,1,1,1
Solange Berry,1,1,1,1,0,1,0,1,1,0,0,0,0,0,0,1,1,1,1
Soluna Samay,1,1,1,1,1,1,1,1,1,1,1,0,0,0,0,1,1,1,1
Son de sol,1,1,1,1,0,1,0,1,1,0,0,0,0,0,0,1,0,1,1
Sonia,1,1,1,1,0,1,0,1,1,0,0,0,0,0,0,1,0,1,1
Sonja Lumme,1,1,1,1,0,1,0,1,1,0,0,0,0,0,0,1,1,1,1
Sophie,1,1,1,1,0,1,0,1,1,0,0,0,0,0,0,1,1,1,1
Sophie Carle,1,1,1,1,0,1,0,1,1,0,0,0,0,0,0,1,1,1,1
Sophie and Magaly,1,1,1,1,0,1,0,1,1,0,0,0,0,0,0,1,1,1,1
Sopho,1,1,1,1,1,1,1,1,1,1,1,0,0,0,0,1,1,1,1
Soraya,1,1,1,1,0,1,0,1,1,0,0,0,0,0,0,1,1,1,1
Springtime,1,1,1,1,0,1,0,1,1,0,0,0,0,0,0,1,1,1,1
Srbuk,1,1,1,1,1,0,1,0,0,1,1,0,0,1,1,1,1,1,1
Srebrna Krila,1,1,1,1,0,1,0,1,1,0,0,0,0,0,0,1,1,1,1
Stavros and Constantina,1,1,1,1,0,1,0,1,1,0,0,0,0,0,0,1,0,1,1
Stefan,1,1,1,1,1,1,1,1,1,1,1,1,1,1,1,1,1,1,1
Stefan Filipović,1,1,1,1,1,0,1,0,0,1,1,0,0,0,0,1,1,1,1
Stefan Raab,1,1,1,1,0,1,0,1,1,0,0,0,0,0,0,1,0,1,1
Stefania,2,2,2,1,2,1,1,1,1,1,1,1,1,1,1,1,1,2,2
Stefán and Eyfi,1,1,1,1,0,1,0,1,1,0,0,0,0,0,0,1,0,1,1
Stelios Constantas,1,1,1,1,0,1,0,1,1,0,0,0,0,0,0,1,0,1,1
Stella,1,1,1,1,0,1,0,1,1,0,0,0,0,0,0,1,1,1,1
Stella Jones,1,1,1,1,0,1,0,1,1,0,0,0,0,0,0,1,0,1,1
Stella Mwangi,1,1,1,1,1,0,1,0,0,1,1,0,0,0,0,1,1,1,1
Stevan Faddy,1,1,1,1,1,0,1,0,0,1,1,0,0,0,0,1,1,1,1
Stig André Van Eijk,1,1,1,1,0,1,0,1,1,0,0,0,0,0,0,1,0,1,1
Stjórnin,1,1,1,1,0,1,0,1,1,0,0,0,0,0,0,1,1,1,1
Stone and Stone,1,1,1,1,0,1,0,1,1,0,0,0,0,0,0,1,0,1,1
SuRie,1,1,1,1,0,1,0,1,1,0,0,1,1,0,0,1,0,1,1
Subwoolfer,1,1,1,1,1,1,1,1,1,1,1,1,1,1,1,1,0,1,1
Sudden Lights,2,2,2,1,1,0,1,0,0,1,1,0,0,0,0,2,2,2,2
Sunstroke Project,1,1,1,1,1,1,1,1,1,1,1,1,1,1,1,1,1,1,1
Sunstroke Project & Olia Tira,1,1,1,1,1,1,1,1,1,1,1,0,0,0,0,1,1,1,1
Suntribe,1,1,1,1,1,0,1,0,0,1,1,0,0,0,0,1,0,1,1
Susanne Georgi,1,1,1,1,1,0,1,0,0,1,1,0,0,0,0,1,1,1,1
Suzy,1,1,1,1,1,0,1,0,0,1,1,0,0,0,0,1,0,1,1
Svala,1,1,1,1,1,0,1,0,0,1,1,0,0,1,1,1,1,1,1
Sverre Kjellsberg & Mattis Hætta,1,1,1,1,0,1,0,1,1,0,0,0,0,0,0,1,1,1,1
Svetlana,1,1,1,1,0,1,0,1,1,0,0,0,0,0,0,1,1,1,1
Svetlana Loboda,1,1,1,1,1,1,1,1,1,1,1,0,0,0,0,1,1,1,1
Sweet Dreams,1,1,1,1,0,1,0,1,1,0,0,0,0,0,0,1,0,1,1
Systur,1,1,1,1,1,1,1,1,1,1,1,1,1,1,1,1,0,1,1
Sébastien Tellier,1,1,1,1,0,1,0,1,1,0,0,0,0,0,0,1,1,1,1
Séverine,1,1,1,1,0,1,0,1,1,0,0,0,0,0,0,1,1,1,1
Séverine Ferrer,1,1,1,1,1,0,1,0,0,1,1,0,0,0,0,1,0,1,1
Sürpriz,1,1,1,1,0,1,0,1,1,0,0,0,0,0,0,1,1,1,1
TIX,1,1,1,1,1,1,1,1,1,1,1,1,1,1,1,1,1,1,1
TWIN TWIN,1,1,1,1,0,1,0,1,1,0,0,0,0,0,0,1,1,1,1
TWiiNS,1,1,1,1,1,0,1,0,0,1,1,0,0,0,0,1,1,1,1
Tajci,1,1,1,1,0,1,0,1,1,0,0,0,0,0,0,1,1,1,1
Takasa,1,1,1,1,1,0,1,0,0,1,1,0,0,0,0,1,0,1,1
Takis Biniaris,1,1,1,1,0,1,0,1,1,0,0,0,0,0,0,1,1,1,1
Tal Sondak,1,1,1,1,0,1,0,1,1,0,0,0,0,0,0,1,1,1,1
Tamara Gachechiladze,1,1,1,1,1,0,1,0,0,1,1,0,0,1,1,1,1,1,1
Tamara Todevska,1,1,1,1,1,1,1,1,1,1,1,1,1,1,1,1,0,1,1
"Tamara, Vrčak & Adrijan",1,1,1,1,1,0,1,0,0,1,1,0,0,0,0,1,0,1,1
Tamta,1,1,1,1,1,1,1,1,1,1,1,1,1,1,1,1,0,1,1
"Tanel Padar, Dave Benton & 2XL",1,1,1,1,0,1,0,1,1,0,0,0,0,0,0,1,1,1,1
Tania Tsanaklidou,1,1,1,1,0,1,0,1,1,0,0,0,0,0,0,1,1,1,1
Tanja,1,1,1,1,1,0,1,0,0,1,1,0,0,0,0,1,1,1,1
Tanja Ribič,1,1,1,1,0,1,0,1,1,0,0,0,0,0,0,1,1,1,1
Taxi,1,1,1,1,0,1,0,1,1,0,0,0,0,0,0,1,0,1,1
Teach-In,1,1,1,1,0,1,0,1,1,0,0,0,0,0,0,1,1,1,1
Teapacks,1,1,1,1,1,0,1,0,0,1,1,0,0,0,0,1,0,1,1
Ted Gärdestad,1,1,1,1,0,1,0,1,1,0,0,0,0,0,0,1,1,1,1
Teddy Scholten,1,1,1,1,0,1,0,1,1,0,0,0,0,0,0,1,1,1,1
Telex,1,1,1,1,0,1,0,1,1,0,0,0,0,0,0,1,0,1,1
Teo,1,1,1,1,1,1,1,1,1,1,1,0,0,0,0,1,1,1,1
Tereza,2,2,2,2,0,2,0,2,2,0,0,0,0,0,0,2,2,2,2
Tereza Kerndlová,1,1,1,1,1,0,1,0,0,1,1,0,0,0,0,1,0,1,1
Teräsbetoni,1,1,1,1,1,1,1,1,1,1,1,0,0,0,0,1,0,1,1
Texas Lightning,1,1,1,1,0,1,0,1,1,0,0,0,0,0,0,1,0,1,1
Teya & Salena,1,1,1,1,0,1,0,1,1,0,0,1,1,0,0,1,0,1,1
The Allisons,1,1,1,1,0,1,0,1,1,0,0,0,0,0,0,1,0,1,1
The Ark,1,1,1,1,0,1,0,1,1,0,0,0,0,0,0,1,0,1,1
The Black Mamba,1,1,1,1,1,1,1,1,1,1,1,1,1,1,1,1,0,1,1
The Busker,2,2,2,1,1,0,1,0,0,1,1,0,0,0,0,2,2,2,2
The Common Linnets,1,1,1,1,1,1,1,1,1,1,1,0,0,0,0,1,0,1,1
The Duskeys,1,1,1,1,0,1,0,1,1,0,0,0,0,0,0,1,0,1,1
The Humans,1,1,1,1,1,0,1,0,0,1,1,0,0,1,1,1,1,1,1
The Jet Set,1,1,1,1,1,0,1,0,0,1,1,0,0,0,0,1,1,1,1
The KMG's,1,1,1,1,1,0,1,0,0,1,1,0,0,0,0,1,1,1,1
The Makemakes,1,1,1,1,0,1,0,1,1,0,0,0,0,0,0,1,0,1,1
The Mamas,1,1,1,0,1,0,0,0,0,0,0,0,0,0,0,0,0,1,1
The Milestones,1,1,1,1,0,1,0,1,1,0,0,0,0,0,0,1,1,1,1
The Mullan's,1,1,1,1,0,1,0,1,1,0,0,0,0,0,0,1,0,1,1
The New Seekers,1,1,1,1,0,1,0,1,1,0,0,0,0,0,0,1,0,1,1
The Nova and The Dolls,1,1,1,1,0,1,0,1,1,0,0,0,0,0,0,1,1,1,1
The Rasmus,1,1,1,1,1,1,1,1,1,1,1,1,1,1,1,1,0,1,1
The Roop,2,2,2,1,2,1,1,1,1,1,1,1,1,1,1,0,0,1,1
The Shadows,1,1,1,1,0,1,0,1,1,0,0,0,0,0,0,1,0,1,1
The Shin and Mariko,1,1,1,1,1,0,1,0,0,1,1,0,0,0,0,1,1,1,1
The Swarbriggs,1,1,1,1,0,1,0,1,1,0,0,0,0,0,0,1,0,1,1
The Swarbriggs Plus Two,1,1,1,1,0,1,0,1,1,0,0,0,0,0,0,1,0,1,1
The Toppers,1,1,1,1,1,0,1,0,0,1,1,0,0,0,0,1,0,1,1
The rounder girls,1,1,1,1,0,1,0,1,1,0,0,0,0,0,0,1,0,1,1
Thea Garrett,1,1,1,1,1,0,1,0,0,1,1,0,0,0,0,1,1,1,1
Theodor Andrei,1,1,1,1,0,0,0,0,0,0,0,0,0,0,0,1,1,1,1
Thomas Forstner,2,2,2,2,0,2,0,2,2,0,0,0,0,0,0,2,1,2,2
Thérèse Steinmetz,1,1,1,1,0,1,0,1,1,0,0,0,0,0,0,1,1,1,1
Tie Break,1,1,1,1,0,1,0,1,1,0,0,0,0,0,0,1,0,1,1
Tijana,1,1,1,1,1,0,1,0,0,1,1,0,0,0,0,1,1,1,1
Tijana Bogićević,1,1,1,1,1,0,1,0,0,1,1,0,0,1,1,1,0,1,1
"Tim, Nelly and Tony",1,1,1,1,0,1,0,1,1,0,0,0,0,0,0,1,0,1,1
Timebelle,1,1,1,1,1,0,1,0,0,1,1,0,0,1,1,1,0,1,1
Times 3,1,1,1,1,0,1,0,1,1,0,0,0,0,0,0,1,1,1,1
Timna Brauer,1,1,1,1,0,1,0,1,1,0,0,0,0,0,0,1,1,1,1
Tina,1,1,1,1,0,1,0,1,1,0,0,0,0,0,0,1,0,1,1
Tina Karol,1,1,1,1,1,1,1,1,1,1,1,0,0,0,0,1,1,1,1
Tinkara Kovač,1,1,1,1,1,1,1,1,1,1,1,0,0,0,0,1,1,1,1
Todomondo,1,1,1,1,0,1,0,1,1,0,0,0,0,0,0,1,1,1,1
Tolmachevy Sisters,1,1,1,1,1,1,1,1,1,1,1,0,0,0,0,1,1,1,1
Tom Dice,1,1,1,1,1,1,1,1,1,1,1,0,0,0,0,1,1,1,1
Tom Leeb,1,1,1,0,0,0,0,0,0,0,0,0,0,0,0,0,0,1,1
Tomas Ledin,1,1,1,1,0,1,0,1,1,0,0,0,0,0,0,1,0,1,1
Tomas Thordarson,1,1,1,1,1,0,1,0,0,1,1,0,0,0,0,1,1,1,1
Tommy Körberg,2,2,2,2,0,2,0,2,2,0,0,0,0,0,0,2,1,2,2
Tommy Nilsson,1,1,1,1,0,1,0,1,1,0,0,0,0,0,0,1,1,1,1
Tommy Seebach,1,1,1,1,0,1,0,1,1,0,0,0,0,0,0,1,1,1,1
Tommy Seebach Band,1,1,1,1,0,1,0,1,1,0,0,0,0,0,0,1,1,1,1
Tonia,1,1,1,1,0,1,0,1,1,0,0,0,0,0,0,1,1,1,1
Tonicha,1,1,1,1,0,1,0,1,1,0,0,0,0,0,0,1,1,1,1
Tonina Torielli,1,1,1,1,0,1,0,1,0,0,0,0,0,0,0,1,1,1,1
Tony Cetinski,1,1,1,1,0,1,0,1,1,0,0,0,0,0,0,1,1,1,1
Tony Wegas,2,2,2,2,0,2,0,2,2,0,0,0,0,0,0,2,2,2,2
Tooji,1,1,1,1,1,1,1,1,1,1,1,0,0,0,0,1,0,1,1
Tor Endresen,1,1,1,1,0,1,0,1,1,0,0,0,0,0,0,1,1,1,1
Tornike Kipiani,2,2,2,1,2,0,1,0,0,1,1,0,0,1,1,1,0,2,2
Tose Proeski,1,1,1,1,1,1,1,1,1,1,1,0,0,0,0,1,1,1,1
Toto Cutugno,1,1,1,1,0,1,0,1,1,0,0,0,0,0,0,1,0,1,1
Trackshittaz,1,1,1,1,1,0,1,0,0,1,1,0,0,0,0,1,0,1,1
Treble,1,1,1,1,1,0,1,0,0,1,1,0,0,0,0,1,0,1,1
Triana Park,1,1,1,1,1,0,1,0,0,1,1,0,0,1,1,1,1,1,1
Trigo Limpio,1,1,1,1,0,1,0,1,1,0,0,0,0,0,0,1,0,1,1
Trijntje Oosterhuis,1,1,1,1,1,0,1,0,0,1,1,0,0,0,0,1,1,1,1
Trine Jepsen & Michael Teschl,1,1,1,1,0,1,0,1,1,0,0,0,0,0,0,1,0,1,1
Tuba Önal & Grup Mystik,1,1,1,1,0,1,0,1,1,0,0,0,0,0,0,1,1,1,1
Tulia,1,1,1,1,1,0,1,0,0,1,1,0,0,1,1,1,1,1,1
TuralTuranX,2,2,2,1,1,0,1,0,0,1,1,0,0,0,0,2,2,2,2
Tusse,1,1,1,1,1,1,1,1,1,1,1,1,1,1,1,1,0,1,1
Tvorchi,1,1,1,1,0,1,0,1,1,0,0,1,1,0,0,1,1,1,1
TwoTricky,1,1,1,1,0,1,0,1,1,0,0,0,0,0,0,1,1,1,1
Tó Cruz,1,1,1,1,0,1,0,1,1,0,0,0,0,0,0,1,1,1,1
Tüzmen,1,1,1,1,0,1,0,1,1,0,0,0,0,0,0,1,1,1,1
Udo Jürgens,3,3,3,3,0,3,0,3,3,0,0,0,0,0,0,3,2,3,3
Uku Suviste,2,2,2,1,2,0,1,0,0,1,1,0,0,1,1,1,1,2,2
Ulla Pia,1,1,1,1,0,1,0,1,1,0,0,0,0,0,0,1,0,1,1
Ulla Wiesner,1,1,1,1,0,1,0,1,1,0,0,0,0,0,0,1,0,1,1
Ulrikke Brandstorp,1,1,1,0,1,0,0,0,0,0,0,0,0,0,0,0,0,1,1
Umberto Tozzi and Raf,1,1,1,1,0,1,0,1,1,0,0,0,0,0,0,1,1,1,1
Urban Symphony,1,1,1,1,1,1,1,1,1,1,1,0,0,0,0,1,0,1,1
Urban Trad,1,1,1,1,0,1,0,1,1,0,0,0,0,0,0,1,0,1,1
Uzari & Maimuna,1,1,1,1,1,0,1,0,0,1,1,0,0,0,0,1,1,1,1
VAL,1,1,1,0,1,0,0,0,0,0,0,0,0,0,0,0,0,1,1
VIP,1,1,1,1,0,1,0,1,1,0,0,0,0,0,0,1,1,1,1
Valentina Monetta,3,3,3,3,3,1,3,1,1,3,3,0,0,0,0,3,3,3,3
Valentina Monetta & Jimmie Wilson,1,1,1,1,1,0,1,0,0,1,1,0,0,1,1,1,1,1,1
Vanilla Ninja,1,1,1,1,1,1,1,1,1,1,1,0,0,0,0,1,1,1,1
Vanja Radovanović,1,1,1,1,1,0,1,0,0,1,1,0,0,1,1,1,0,1,1
Vanna,1,1,1,1,0,1,0,1,1,0,0,0,0,0,0,1,1,1,1
Vasil,2,2,2,1,2,0,1,0,0,1,1,0,0,1,1,1,1,2,2
Venessa Chinitor,1,1,1,1,0,1,0,1,1,0,0,0,0,0,0,1,0,1,1
Verka Serduchka,1,1,1,1,0,1,0,1,1,0,0,0,0,0,0,1,0,1,1
Vesa-Matti Loiri,1,1,1,1,0,1,0,1,1,0,0,0,0,0,0,1,1,1,1
Vesna,2,2,2,1,1,1,1,1,1,1,1,1,1,0,0,2,2,2,2
Vesna Pisarovic,1,1,1,1,0,1,0,1,1,0,0,0,0,0,0,1,0,1,1
Vice Vukov,2,2,2,2,0,2,0,2,2,0,0,0,0,0,0,2,1,2,2
Vicky,1,1,1,1,0,1,0,1,1,0,0,0,0,0,0,1,1,1,1
Vicky Leandros,1,1,1,1,0,1,0,1,1,0,0,0,0,0,0,1,1,1,1
Vicky Rosti,1,1,1,1,0,1,0,1,1,0,0,0,0,0,0,1,1,1,1
Victor Balaguer,1,1,1,1,0,1,0,1,1,0,0,0,0,0,0,1,1,1,1
Victor Crone,1,1,1,1,1,1,1,1,1,1,1,1,1,1,1,1,1,1,1
Victor Vernicos,1,1,1,1,0,0,0,0,0,0,0,0,0,0,0,1,0,1,1
Victoria,2,2,2,1,2,1,1,1,1,1,1,1,1,1,1,1,0,2,2
Vikki,1,1,1,1,0,1,0,1,1,0,0,0,0,0,0,1,0,1,1
Viktor Klimenko,1,1,1,1,0,1,0,1,1,0,0,0,0,0,0,1,1,1,1
Vili Resnik,1,1,1,1,0,1,0,1,1,0,0,0,0,0,0,1,1,1,1
Vilija Matačiūnaitė,1,1,1,1,1,0,1,0,0,1,1,0,0,0,0,1,1,1,1
Vincent Bueno,2,2,2,1,2,0,1,0,0,1,1,0,0,1,1,1,0,2,2
Virginie Pouchin,1,1,1,1,0,1,0,1,1,0,0,0,0,0,0,1,0,1,1
Vladana,1,1,1,1,1,0,1,0,0,1,1,0,0,1,1,1,1,1,1
Vlado Janevski,1,1,1,1,0,1,0,1,1,0,0,0,0,0,0,1,1,1,1
Vlado and Isolda,1,1,1,1,0,1,0,1,1,0,0,0,0,0,0,1,1,1,1
Vlatko Ilievski,1,1,1,1,1,0,1,0,0,1,1,0,0,0,0,1,0,1,1
Voice,1,1,1,1,0,1,0,1,1,0,0,0,0,0,0,1,1,1,1
Voltaj,1,1,1,1,1,1,1,1,1,1,1,0,0,0,0,1,1,1,1
Voyager,1,1,1,1,0,1,0,1,1,0,0,1,1,0,0,1,0,1,1
Vukašin Brajić,1,1,1,1,1,1,1,1,1,1,1,0,0,0,0,1,0,1,1
Vânia Fernandes,1,1,1,1,1,1,1,1,1,1,1,0,0,0,0,1,1,1,1
Véronique Müller,1,1,1,1,0,1,0,1,1,0,0,0,0,0,0,1,1,1,1
WRS,1,1,1,1,1,1,1,1,1,1,1,1,1,1,1,1,1,1,1
Waldo's People,1,1,1,1,1,1,1,1,1,1,1,0,0,0,0,1,1,1,1
Walter & Kazha,1,1,1,1,1,1,1,1,1,1,1,0,0,0,0,1,0,1,1
Walter Andreas Schwarz,1,1,1,1,0,1,0,1,0,0,0,0,0,0,0,1,0,1,1
Waterloo and Robinson,1,1,1,1,0,1,0,1,1,0,0,0,0,0,0,1,0,1,1
Waylon,1,1,1,1,1,1,1,1,1,1,1,1,1,1,1,1,0,1,1
We Are Domi,1,1,1,1,1,1,1,1,1,1,1,1,1,1,1,1,1,1,1
Wencke Myhre,1,1,1,1,0,1,0,1,1,0,0,0,0,0,0,1,1,1,1
Wess & Dori Ghezzi,1,1,1,1,0,1,0,1,1,0,0,0,0,0,0,1,1,1,1
Westend,1,1,1,1,0,1,0,1,1,0,0,0,0,0,0,1,1,1,1
Who See,1,1,1,1,1,0,1,0,0,1,1,0,0,0,0,1,1,1,1
Wig Wam,1,1,1,1,1,1,1,1,1,1,1,0,0,0,0,1,0,1,1
Wild Youth,2,2,2,1,1,0,1,0,0,1,1,0,0,0,0,2,0,2,2
Wilfried,1,1,1,1,0,1,0,1,1,0,0,0,0,0,0,1,0,1,1
Willeke Alberti,1,1,1,1,0,1,0,1,1,0,0,0,0,0,0,1,1,1,1
William Mangion,1,1,1,1,0,1,0,1,1,0,0,0,0,0,0,1,0,1,1
Wind,3,3,3,3,0,3,0,3,3,0,0,0,0,0,0,3,2,3,3
Witloof Bay,1,1,1,1,1,0,1,0,0,1,1,0,0,0,0,1,0,1,1
Wyn Hoop,1,1,1,1,0,1,0,1,1,0,0,0,0,0,0,1,1,1,1
XXL,1,1,1,1,0,1,0,1,1,0,0,0,0,0,0,1,1,1,1
Xandee,1,1,1,1,0,1,0,1,1,0,0,0,0,0,0,1,1,1,1
Xandra,1,1,1,1,0,1,0,1,1,0,0,0,0,0,0,1,1,1,1
Yardena Arazi,1,1,1,1,0,1,0,1,1,0,0,0,0,0,0,1,1,1,1
Yianna Terzi,1,1,1,1,1,0,1,0,0,1,1,0,0,1,1,1,0,1,1
Yiannis Dimitras,1,1,1,1,0,1,0,1,1,0,0,0,0,0,0,1,1,1,1
Yohanna,1,1,1,1,1,1,1,1,1,1,1,0,0,0,0,1,0,1,1
Youddiph,1,1,1,1,0,1,0,1,1,0,0,0,0,0,0,1,1,1,1
Yovanna,1,1,1,1,0,1,0,1,1,0,0,0,0,0,0,1,1,1,1
Yüksek Sadakat,1,1,1,1,1,0,1,0,0,1,1,0,0,0,0,1,1,1,1
Zala Kralj & Gašper Šantl,1,1,1,1,1,1,1,1,1,1,1,1,1,1,1,1,0,1,1
Zdob şi Zdub,1,1,1,1,1,1,1,1,1,1,1,0,0,0,0,1,1,1,1
Zdob și Zdub,1,1,1,1,1,1,1,1,1,1,1,0,0,0,0,1,1,1,1
Zdob și Zdub & Advahov Brothers,1,1,1,1,1,1,1,1,1,1,1,1,1,1,1,1,0,1,1
Zdravko Colic,1,1,1,1,0,1,0,1,1,0,0,0,0,0,0,1,0,1,1
Zena,1,1,1,1,1,1,1,1,1,1,1,1,1,1,1,1,1,1,1
Zibbz,1,1,1,1,1,0,1,0,0,1,1,0,0,1,1,1,1,1,1
Zlata Ognevich,1,1,1,1,1,1,1,1,1,1,1,0,0,0,0,1,1,1,1
Zoli Ádok,1,1,1,1,1,0,1,0,0,1,1,0,0,0,0,1,1,1,1
Zoë,1,1,1,1,1,1,1,1,1,1,1,1,1,1,1,1,0,1,1
maNga,1,1,1,1,1,1,1,1,1,1,1,0,0,0,0,1,0,1,1
t.A.T.u.,1,1,1,1,0,1,0,1,1,0,0,0,0,0,0,1,1,1,1
Željko Joksimović,1,1,1,1,1,1,1,1,1,1,1,0,0,0,0,1,1,1,1
Åse Kleveland,1,1,1,1,0,1,0,1,1,0,0,0,0,0,0,1,0,1,1
Çetin Alp and the Short Wave,1,1,1,1,0,1,0,1,1,0,0,0,0,0,0,1,1,1,1
Östen Warnerbring,1,1,1,1,0,1,0,1,1,0,0,0,0,0,0,1,1,1,1
Şebnem Paker,1,1,1,1,0,1,0,1,1,0,0,0,0,0,0,1,1,1,1
Željko Joksimović,1,1,1,1,1,1,1,1,1,1,1,0,0,0,0,1,1,1,1
